id,eval_index,category,complexity,pass1_label,pass1_diagnosis,pass1_correct,final_correct,recovered,E,V,G,misses,bad_eqs
p1_00001,0,counting,simple,MEDIUM_CORRECT,UNCLASSIFIED,True,True,False,1.0,1.0,1.0,0,0
p1_00002,1,monetary,simple,BAD_WRONG,SM,False,False,False,0.0,1.0,1.0,2,0
p1_00003,2,monetary,simple,BAD_WRONG,UNCLASSIFIED,False,False,False,0.3333333333333333,0.6666666666666666,1.0,2,1
p1_00004,3,time,simple,BAD_WRONG,UNCLASSIFIED,False,False,False,0.25,1.0,1.0,3,0
p1_00005,4,time,simple,BAD_WRONG,SM,False,False,False,0.0,1.0,1.0,3,0
p1_00006,5,percentage,simple,BAD_WRONG,UNCLASSIFIED,False,False,False,0.0,0.3333333333333333,0.5,5,2
p1_00007,6,time,simple,BAD_WRONG,UNCLASSIFIED,False,False,False,0.3333333333333333,0.6666666666666666,1.0,2,1
p1_00008,7,monetary,simple,BAD_WRONG,SM,False,False,False,0.0,0.5,0.8571428571428571,2,1
p1_00009,8,time,simple,BAD_WRONG,UNCLASSIFIED,False,False,False,0.0,1.0,0.0,2,0
p1_00010,9,monetary,simple,BAD_WRONG,UNCLASSIFIED,False,False,False,0.6,1.0,1.0,2,0
p1_00011,10,counting,simple,BAD_WRONG,UNCLASSIFIED,False,False,False,0.3333333333333333,0.0,1.0,2,1
p1_00012,11,monetary,simple,BAD_WRONG,NR,False,False,False,0.0,0.0,1.0,3,0
p1_00013,12,time,simple,BAD_WRONG,NR,False,False,False,0.0,0.0,0.6666666666666666,2,0
p1_00014,13,monetary,simple,BAD_WRONG,UNCLASSIFIED,False,False,False,0.16666666666666666,0.6666666666666666,1.0,5,1
p1_00015,14,monetary,simple,BAD_WRONG,NR,False,False,False,0.0,0.0,1.0,3,0
p1_00016,15,counting,simple,BAD_WRONG,UNCLASSIFIED,False,False,False,0.5,1.0,0.8,3,0
p1_00017,16,time,simple,BAD_WRONG,UNCLASSIFIED,False,False,False,0.4,1.0,1.0,3,0
p1_00018,17,monetary,simple,BAD_WRONG,UNCLASSIFIED,False,False,False,0.25,1.0,0.75,3,0
p1_00019,18,time,simple,GOOD,,True,True,False,1.0,1.0,1.0,0,0
p1_00020,19,time,simple,BAD_WRONG,NR,False,False,False,0.0,0.0,1.0,2,0
p1_00021,20,monetary,simple,MEDIUM_CORRECT,CE,True,True,False,1.0,0.0,1.0,0,1
p1_00022,21,counting,simple,MEDIUM_CORRECT,CE,True,True,False,1.0,0.3333333333333333,0.8888888888888888,0,2
p1_00023,22,percentage,simple,BAD_WRONG,CE,False,False,False,1.0,0.0,1.0,0,0
p1_00024,23,percentage,simple,MEDIUM_WRONG,CE,False,False,False,0.8,0.5,0.8571428571428571,1,1
p1_00025,24,percentage,simple,BAD_WRONG,NR,False,False,False,0.0,0.0,1.0,0,0
p1_00026,25,percentage,simple,BAD_WRONG,CE,False,False,False,0.4,0.5,1.0,3,1
p1_00027,26,monetary,simple,GOOD,,True,True,False,1.0,1.0,1.0,0,0
p1_00028,27,counting,simple,BAD_WRONG,UNCLASSIFIED,False,True,True,0.3333333333333333,0.0,1.0,2,1
p1_00029,28,monetary,simple,BAD_WRONG,UNCLASSIFIED,False,False,False,0.0,0.0,1.0,2,1
p1_00030,29,percentage,simple,MEDIUM_CORRECT,CE,True,True,False,1.0,0.0,1.0,0,0
p1_00031,30,monetary,simple,BAD_WRONG,UNCLASSIFIED,False,False,False,1.0,1.0,0.0,0,0
p1_00032,31,monetary,medium,MEDIUM_WRONG,CE,False,False,False,0.8,0.6666666666666666,0.8571428571428571,1,1
p1_00033,32,time,simple,MEDIUM_WRONG,UNCLASSIFIED,False,False,False,0.5,1.0,0.6666666666666666,1,0
p1_00034,33,time,simple,GOOD,,True,True,False,1.0,1.0,1.0,0,0
p1_00035,34,percentage,simple,BAD_WRONG,UNCLASSIFIED,False,False,False,0.3333333333333333,0.0,1.0,4,0
p1_00036,35,monetary,simple,MEDIUM_CORRECT,UNCLASSIFIED,True,True,False,0.3333333333333333,1.0,1.0,2,0
p1_00037,36,rate,simple,MEDIUM_WRONG,CE,False,False,False,0.75,0.0,1.0,1,1
p1_00038,37,percentage,simple,MEDIUM_CORRECT,UNCLASSIFIED,True,True,False,0.3333333333333333,0.0,0.8571428571428571,2,1
p1_00039,38,monetary,simple,MEDIUM_WRONG,CE,False,False,False,0.75,0.75,1.0,1,1
p1_00040,39,monetary,simple,BAD_WRONG,UNCLASSIFIED,False,False,False,0.25,0.6666666666666666,1.0,3,1
p1_00041,40,time,simple,BAD_WRONG,UNCLASSIFIED,False,False,False,0.0,1.0,0.0,1,0
p1_00042,41,counting,simple,GOOD,,True,True,False,1.0,1.0,1.0,0,0
p1_00043,42,monetary,simple,BAD_WRONG,SM,False,False,False,0.0,1.0,1.0,4,0
p1_00044,43,monetary,simple,MEDIUM_WRONG,UNCLASSIFIED,False,False,False,0.75,1.0,1.0,1,0
p1_00045,44,time,simple,BAD_WRONG,UNCLASSIFIED,False,False,False,0.3333333333333333,1.0,1.0,2,0
p1_00046,45,monetary,simple,GOOD,,True,True,False,1.0,1.0,1.0,0,0
p1_00047,46,monetary,simple,BAD_WRONG,UNCLASSIFIED,False,False,False,0.25,1.0,1.0,3,0
p1_00048,47,percentage,simple,BAD_WRONG,UNCLASSIFIED,False,True,True,0.3333333333333333,0.5,1.0,2,1
p1_00049,48,time,simple,BAD_WRONG,UNCLASSIFIED,False,False,False,0.0,0.0,1.0,4,3
p1_00050,49,time,simple,MEDIUM_WRONG,UNCLASSIFIED,False,False,False,0.8333333333333334,1.0,1.0,1,0
p1_00051,50,monetary,simple,BAD_WRONG,SM,False,True,True,0.2,1.0,1.0,4,0
p1_00052,51,time,simple,BAD_WRONG,NR,False,False,False,0.0,0.0,1.0,2,0
p1_00053,52,monetary,simple,BAD_WRONG,UNCLASSIFIED,False,False,False,0.6,1.0,1.0,2,0
p1_00054,53,time,simple,MEDIUM_WRONG,CE,False,False,False,1.0,0.75,1.0,0,1
p1_00055,54,time,simple,BAD_WRONG,UNCLASSIFIED,False,False,False,0.3333333333333333,1.0,1.0,2,0
p1_00056,55,percentage,simple,MEDIUM_CORRECT,UNCLASSIFIED,True,True,False,0.8333333333333334,1.0,1.0,1,0
p1_00057,56,percentage,simple,BAD_WRONG,UNCLASSIFIED,False,True,True,0.3333333333333333,0.0,1.0,2,1
p1_00058,57,time,simple,BAD_WRONG,UNCLASSIFIED,False,False,False,0.125,0.0,0.6666666666666666,7,2
p1_00059,58,monetary,simple,BAD_WRONG,UNCLASSIFIED,False,False,False,0.0,1.0,0.5,4,0
p1_00060,59,counting,simple,BAD_WRONG,NR,False,True,True,0.0,0.0,1.0,2,0
p1_00061,60,monetary,simple,MEDIUM_WRONG,UNCLASSIFIED,False,True,True,0.5,1.0,1.0,1,0
p1_00062,61,monetary,simple,BAD_WRONG,SM,False,False,False,0.0,0.75,1.0,2,1
p1_00063,62,time,simple,GOOD,,True,True,False,1.0,1.0,1.0,0,0
p1_00064,63,time,simple,BAD_WRONG,UNCLASSIFIED,False,False,False,0.3333333333333333,0.6666666666666666,0.6666666666666666,2,1
p1_00065,64,monetary,simple,BAD_WRONG,CE,False,False,False,0.8,0.0,1.0,1,0
p1_00066,65,counting,simple,BAD_WRONG,UNCLASSIFIED,False,False,False,0.0,0.0,1.0,3,2
p1_00067,66,time,simple,BAD_WRONG,NR,False,False,False,0.0,0.0,1.0,2,0
p1_00068,67,time,simple,BAD_WRONG,UNCLASSIFIED,False,False,False,0.0,0.0,0.75,3,1
p1_00069,68,monetary,simple,GOOD,,True,True,False,1.0,1.0,1.0,0,0
p1_00070,69,counting,simple,BAD_WRONG,UNCLASSIFIED,False,False,False,0.0,1.0,1.0,3,0
p1_00071,70,time,simple,BAD_WRONG,CE,False,False,False,0.5,0.0,1.0,3,2
p1_00072,71,monetary,simple,BAD_WRONG,UNCLASSIFIED,False,False,False,0.6666666666666666,1.0,1.0,1,0
p1_00073,72,rate,simple,BAD_WRONG,UNCLASSIFIED,False,False,False,0.3333333333333333,0.75,0.6,4,1
p1_00074,73,rate,simple,MEDIUM_WRONG,UNCLASSIFIED,False,True,True,0.5,1.0,1.0,1,0
p1_00075,74,time,simple,BAD_WRONG,NR,False,False,False,0.0,0.0,1.0,1,0
p1_00076,75,monetary,simple,BAD_WRONG,UNCLASSIFIED,False,False,False,0.0,0.0,0.3333333333333333,2,1
p1_00077,76,monetary,simple,MEDIUM_WRONG,UNCLASSIFIED,False,False,False,1.0,1.0,1.0,0,0
p1_00078,77,time,simple,BAD_WRONG,UNCLASSIFIED,False,True,True,0.0,1.0,0.0,1,0
p1_00079,78,percentage,simple,BAD_WRONG,NR,False,False,False,0.0,0.0,1.0,3,0
p1_00080,79,monetary,simple,BAD_WRONG,UNCLASSIFIED,False,False,False,0.3333333333333333,0.0,1.0,2,0
p1_00081,80,monetary,simple,BAD_WRONG,UNCLASSIFIED,False,False,False,0.0,1.0,1.0,3,0
p1_00082,81,monetary,simple,MEDIUM_CORRECT,UNCLASSIFIED,True,True,False,1.0,1.0,1.0,0,0
p1_00083,82,monetary,simple,BAD_WRONG,SM,False,False,False,0.0,0.6666666666666666,0.6666666666666666,4,1
p1_00084,83,time,simple,BAD_WRONG,SM,False,False,False,0.0,0.6666666666666666,1.0,2,1
p1_00085,84,percentage,simple,BAD_WRONG,ST,False,False,False,0.2857142857142857,1.0,1.0,5,0
p1_00086,85,monetary,simple,MEDIUM_CORRECT,UNCLASSIFIED,True,True,False,0.6666666666666666,1.0,1.0,1,0
p1_00087,86,counting,simple,BAD_WRONG,UNCLASSIFIED,False,False,False,0.3333333333333333,0.6666666666666666,1.0,2,1
p1_00088,87,time,simple,BAD_WRONG,UNCLASSIFIED,False,True,True,0.2,0.5,1.0,4,1
p1_00089,88,time,simple,BAD_WRONG,UNCLASSIFIED,False,False,False,0.3333333333333333,1.0,1.0,2,0
p1_00090,89,time,simple,BAD_WRONG,UNCLASSIFIED,False,False,False,0.5,1.0,1.0,1,0
p1_00091,90,rate,simple,GOOD,,True,True,False,1.0,1.0,1.0,0,0
p1_00092,91,time,simple,BAD_WRONG,SM,False,False,False,0.0,0.75,0.8333333333333334,6,1
p1_00093,92,time,simple,MEDIUM_CORRECT,UNCLASSIFIED,True,True,False,1.0,1.0,1.0,0,0
p1_00094,93,counting,simple,MEDIUM_WRONG,UNCLASSIFIED,False,False,False,0.5,1.0,1.0,1,0
p1_00095,94,rate,simple,GOOD,,True,True,False,1.0,1.0,1.0,0,0
p1_00096,95,rate,simple,BAD_WRONG,NR,False,False,False,0.0,0.0,0.0,0,0
p1_00097,96,monetary,simple,BAD_WRONG,UNCLASSIFIED,False,False,False,0.3333333333333333,1.0,1.0,2,0
p1_00098,97,monetary,simple,BAD_WRONG,SM,False,True,True,0.0,1.0,1.0,3,0
p1_00099,98,time,simple,BAD_WRONG,UNCLASSIFIED,False,False,False,0.25,1.0,1.0,3,0
p1_00100,99,percentage,simple,MEDIUM_WRONG,UNCLASSIFIED,False,False,False,0.75,1.0,1.0,1,0
p1_00101,100,counting,simple,BAD_WRONG,SM,False,False,False,0.0,0.5,1.0,3,1
p1_00102,101,counting,simple,BAD_WRONG,SM,False,False,False,0.0,1.0,1.0,2,0
p1_00103,102,monetary,simple,BAD_WRONG,UNCLASSIFIED,False,False,False,0.6,1.0,1.0,2,0
p1_00104,103,counting,simple,MEDIUM_WRONG,UNCLASSIFIED,False,False,False,1.0,1.0,0.5,0,0
p1_00105,104,time,simple,BAD_WRONG,NR,False,False,False,0.0,0.0,1.0,2,0
p1_00106,105,rate,simple,GOOD,,True,True,False,1.0,1.0,1.0,0,0
p1_00107,106,monetary,simple,MEDIUM_CORRECT,UNCLASSIFIED,True,True,False,0.6666666666666666,1.0,1.0,1,0
p1_00108,107,time,simple,BAD_WRONG,CE,False,False,False,0.5714285714285714,0.0,0.6666666666666666,3,1
p1_00109,108,time,simple,BAD_WRONG,UNCLASSIFIED,False,False,False,0.3333333333333333,1.0,1.0,2,0
p1_00110,109,monetary,simple,MEDIUM_WRONG,UNCLASSIFIED,False,False,False,1.0,1.0,0.6666666666666666,0,0
p1_00111,110,monetary,simple,BAD_WRONG,CE,False,False,False,0.5,0.0,1.0,1,0
p1_00112,111,time,simple,BAD_WRONG,UNCLASSIFIED,False,False,False,0.0,0.0,1.0,2,1
p1_00113,112,counting,simple,BAD_WRONG,UNCLASSIFIED,False,True,True,0.0,0.5,1.0,2,1
p1_00114,113,time,simple,BAD_WRONG,UNCLASSIFIED,False,False,False,0.25,0.6666666666666666,1.0,3,1
p1_00115,114,rate,simple,BAD_WRONG,UNCLASSIFIED,False,False,False,0.0,1.0,1.0,2,0
p1_00116,115,monetary,simple,BAD_WRONG,UNCLASSIFIED,False,False,False,0.0,0.0,1.0,2,1
p1_00117,116,time,simple,BAD_WRONG,UNCLASSIFIED,False,False,False,0.5,1.0,0.6,2,0
p1_00118,117,monetary,simple,MEDIUM_CORRECT,CE,True,True,False,1.0,0.0,1.0,0,0
p1_00119,118,counting,simple,BAD_WRONG,UNCLASSIFIED,False,False,False,0.25,1.0,1.0,3,0
p1_00120,119,percentage,simple,BAD_WRONG,SM,False,False,False,0.2,0.5,1.0,4,1
p1_00121,120,monetary,simple,BAD_WRONG,NR,False,False,False,0.0,0.0,0.6666666666666666,0,0
p1_00122,121,counting,simple,BAD_WRONG,CE,False,False,False,0.75,0.0,1.0,1,1
p1_00123,122,percentage,simple,BAD_WRONG,UNCLASSIFIED,False,False,False,0.75,1.0,1.0,1,0
p1_00124,123,time,simple,BAD_WRONG,UNCLASSIFIED,False,False,False,1.0,1.0,1.0,0,0
p1_00125,124,percentage,simple,BAD_WRONG,CE,False,False,False,0.6,0.5,1.0,2,1
p1_00126,125,monetary,simple,BAD_WRONG,SM,False,False,False,0.0,1.0,1.0,3,0
p1_00127,126,percentage,simple,BAD_WRONG,UNCLASSIFIED,False,False,False,0.3333333333333333,0.0,1.0,2,0
p1_00128,127,percentage,simple,BAD_WRONG,NR,False,False,False,0.0,0.0,1.0,3,0
p1_00129,128,time,simple,BAD_WRONG,CE,False,False,False,0.4,0.0,1.0,3,0
p1_00130,129,time,simple,MEDIUM_CORRECT,CE,True,True,False,1.0,0.5,1.0,0,1
p1_00131,130,monetary,simple,BAD_WRONG,UNCLASSIFIED,False,True,True,0.5,1.0,1.0,2,0
p1_00132,131,percentage,simple,BAD_WRONG,UNCLASSIFIED,False,False,False,0.6666666666666666,1.0,1.0,1,0
p1_00133,132,time,simple,MEDIUM_WRONG,UNCLASSIFIED,False,False,False,0.6666666666666666,1.0,1.0,1,0
p1_00134,133,counting,simple,MEDIUM_CORRECT,NR,True,True,False,0.0,0.0,1.0,0,0
p1_00135,134,time,simple,BAD_WRONG,SM,False,False,False,0.0,0.6666666666666666,1.0,2,1
p1_00136,135,percentage,simple,MEDIUM_CORRECT,CE,True,True,False,0.5,0.0,1.0,1,1
p1_00137,136,percentage,simple,BAD_WRONG,UNCLASSIFIED,False,False,False,0.75,1.0,1.0,1,0
p1_00138,137,percentage,simple,BAD_WRONG,SM,False,False,False,0.0,1.0,1.0,3,0
p1_00139,138,time,simple,BAD_WRONG,CE,False,False,False,0.6666666666666666,0.0,1.0,1,0
p1_00140,139,percentage,simple,BAD_WRONG,UNCLASSIFIED,False,False,False,0.25,0.3333333333333333,1.0,3,2
p1_00141,140,time,simple,GOOD,,True,True,False,1.0,1.0,1.0,0,0
p1_00142,141,percentage,simple,BAD_WRONG,UNCLASSIFIED,False,True,True,1.0,1.0,0.3333333333333333,0,0
p1_00143,142,monetary,simple,BAD_WRONG,UNCLASSIFIED,False,False,False,0.3333333333333333,0.5,1.0,2,1
p1_00144,143,percentage,simple,BAD_WRONG,ST,False,False,False,0.3333333333333333,0.0,0.7142857142857143,4,2
p1_00145,144,time,simple,GOOD,,True,True,False,1.0,1.0,1.0,0,0
p1_00146,145,time,simple,BAD_WRONG,UNCLASSIFIED,False,False,False,0.0,0.0,1.0,5,1
p1_00147,146,time,simple,BAD_WRONG,UNCLASSIFIED,False,False,False,0.25,1.0,0.6666666666666666,3,0
p1_00148,147,percentage,simple,BAD_WRONG,UNCLASSIFIED,False,False,False,0.3333333333333333,0.0,0.75,2,0
p1_00149,148,percentage,medium,BAD_WRONG,UNCLASSIFIED,False,False,False,0.8,1.0,0.8571428571428571,1,0
p1_00150,149,percentage,simple,BAD_WRONG,NR,False,False,False,0.0,0.0,1.0,3,0
p1_00151,150,time,simple,GOOD,,True,True,False,1.0,1.0,1.0,0,0
p1_00152,151,percentage,simple,BAD_WRONG,UNCLASSIFIED,False,False,False,0.0,1.0,0.8,2,0
p1_00153,152,time,simple,BAD_WRONG,SM,False,False,False,0.0,1.0,0.6666666666666666,2,0
p1_00154,153,monetary,simple,BAD_WRONG,UNCLASSIFIED,False,False,False,0.6666666666666666,1.0,1.0,1,0
p1_00155,154,monetary,simple,BAD_WRONG,UNCLASSIFIED,False,False,False,1.0,1.0,1.0,0,0
p1_00156,155,time,simple,BAD_WRONG,CE,False,False,False,0.6666666666666666,0.0,1.0,1,0
p1_00157,156,time,simple,MEDIUM_CORRECT,CE,True,True,False,1.0,0.0,1.0,0,0
p1_00158,157,percentage,simple,BAD_WRONG,UNCLASSIFIED,False,False,False,0.3333333333333333,1.0,0.7142857142857143,4,0
p1_00159,158,monetary,simple,GOOD,,True,True,False,1.0,1.0,1.0,0,0
p1_00160,159,monetary,simple,BAD_WRONG,CE,False,False,False,0.5,0.5,1.0,4,1
p1_00161,160,time,simple,BAD_WRONG,SM,False,False,False,0.0,0.5,1.0,3,1
p1_00162,161,counting,simple,MEDIUM_WRONG,UNCLASSIFIED,False,False,False,0.5,1.0,1.0,1,0
p1_00163,162,monetary,simple,MEDIUM_WRONG,SM,False,False,False,0.0,1.0,0.8,1,0
p1_00164,163,time,simple,BAD_WRONG,CE,False,False,False,0.5,0.0,1.0,1,0
p1_00165,164,time,simple,BAD_WRONG,NR,False,False,False,0.0,0.0,0.75,3,0
p1_00166,165,time,simple,BAD_WRONG,SM,False,False,False,0.0,1.0,1.0,3,0
p1_00167,166,monetary,simple,BAD_WRONG,UNCLASSIFIED,False,False,False,0.8333333333333334,1.0,1.0,1,0
p1_00168,167,percentage,simple,BAD_WRONG,NR,False,False,False,0.0,0.0,1.0,0,0
p1_00169,168,monetary,simple,BAD_WRONG,UNCLASSIFIED,False,False,False,0.0,0.0,0.8571428571428571,4,1
p1_00170,169,monetary,simple,BAD_WRONG,UNCLASSIFIED,False,False,False,0.25,0.5,1.0,3,1
p1_00171,170,time,simple,BAD_WRONG,SM,False,False,False,0.0,1.0,1.0,2,0
p1_00172,171,time,simple,BAD_WRONG,CE,False,False,False,0.4,0.0,1.0,3,2
p1_00173,172,monetary,simple,BAD_WRONG,CE,False,False,False,0.4,0.5,1.0,3,2
p1_00174,173,monetary,simple,BAD_WRONG,SM,False,False,False,0.2,0.75,1.0,4,1
p1_00175,174,time,simple,BAD_WRONG,UNCLASSIFIED,False,False,False,0.0,0.5,1.0,3,1
p1_00176,175,percentage,simple,MEDIUM_WRONG,UNCLASSIFIED,False,False,False,0.5,1.0,1.0,1,0
p1_00177,176,monetary,simple,MEDIUM_WRONG,UNCLASSIFIED,False,False,False,0.6666666666666666,1.0,1.0,1,0
p1_00178,177,time,simple,MEDIUM_WRONG,UNCLASSIFIED,False,False,False,0.6666666666666666,1.0,0.5,1,0
p1_00179,178,time,simple,BAD_WRONG,NR,False,False,False,0.0,0.0,1.0,3,0
p1_00180,179,time,simple,MEDIUM_CORRECT,UNCLASSIFIED,True,True,False,1.0,1.0,1.0,0,0
p1_00181,180,monetary,simple,GOOD,,True,True,False,1.0,1.0,1.0,0,0
p1_00182,181,rate,simple,BAD_WRONG,CE,False,False,False,0.5,0.5,1.0,1,1
p1_00183,182,percentage,simple,MEDIUM_CORRECT,ST,True,True,False,0.5,1.0,0.3333333333333333,3,0
p1_00184,183,time,simple,BAD_WRONG,NR,False,False,False,0.0,0.0,0.3333333333333333,5,0
p1_00185,184,time,simple,BAD_WRONG,UNCLASSIFIED,False,False,False,0.4,0.0,1.0,3,1
p1_00186,185,time,simple,BAD_WRONG,NR,False,False,False,0.0,0.0,1.0,4,0
p1_00187,186,percentage,simple,BAD_WRONG,UNCLASSIFIED,False,False,False,0.5,1.0,1.0,2,0
p1_00188,187,monetary,simple,BAD_WRONG,NR,False,False,False,0.0,0.0,0.5,1,0
p1_00189,188,time,simple,MEDIUM_CORRECT,CE,True,True,False,1.0,0.0,1.0,0,0
p1_00190,189,time,simple,BAD_WRONG,UNCLASSIFIED,False,True,True,0.3333333333333333,0.5,1.0,2,1
p1_00191,190,time,simple,MEDIUM_CORRECT,CE,True,True,False,1.0,0.0,1.0,0,0
p1_00192,191,monetary,simple,MEDIUM_WRONG,UNCLASSIFIED,False,True,True,0.6666666666666666,1.0,1.0,1,0
p1_00193,192,time,simple,BAD_WRONG,SM,False,False,False,0.0,1.0,1.0,4,0
p1_00194,193,rate,simple,BAD_WRONG,SM,False,False,False,0.2,0.75,1.0,4,1
p1_00195,194,monetary,simple,GOOD,,True,True,False,1.0,1.0,1.0,0,0
p1_00196,195,percentage,simple,MEDIUM_WRONG,UNCLASSIFIED,False,False,False,1.0,1.0,1.0,0,0
p1_00197,196,monetary,simple,BAD_WRONG,NR,False,False,False,0.25,0.0,1.0,3,0
p1_00198,197,time,simple,BAD_WRONG,NR,False,False,False,0.0,0.0,0.0,3,0
p1_00199,198,counting,simple,BAD_WRONG,UNCLASSIFIED,False,True,True,0.0,0.5,1.0,2,1
p1_00200,199,time,simple,MEDIUM_WRONG,CE,False,False,False,0.5,0.75,1.0,1,1
p1_00201,200,rate,simple,BAD_WRONG,UNCLASSIFIED,False,False,False,0.0,0.0,1.0,2,1
p1_00202,201,monetary,simple,BAD_WRONG,UNCLASSIFIED,False,False,False,0.3333333333333333,1.0,0.75,2,0
p1_00203,202,time,simple,BAD_WRONG,CE,False,False,False,0.75,0.0,1.0,1,1
p1_00204,203,monetary,simple,BAD_WRONG,SM,False,False,False,0.0,1.0,1.0,4,0
p1_00205,204,time,simple,BAD_WRONG,NR,False,False,False,0.16666666666666666,0.0,1.0,5,0
p1_00206,205,monetary,simple,BAD_WRONG,UNCLASSIFIED,False,False,False,1.0,1.0,1.0,0,0
p1_00207,206,monetary,simple,BAD_WRONG,CE,False,True,True,0.5714285714285714,0.6666666666666666,1.0,3,2
p1_00208,207,time,simple,BAD_WRONG,NR,False,True,True,0.0,0.0,1.0,4,0
p1_00209,208,counting,simple,MEDIUM_WRONG,CE,False,False,False,0.75,0.8333333333333334,1.0,1,1
p1_00210,209,time,simple,BAD_WRONG,NR,False,False,False,0.0,0.0,1.0,2,0
p1_00211,210,monetary,simple,BAD_WRONG,UNCLASSIFIED,False,False,False,0.3333333333333333,0.5,1.0,2,1
p1_00212,211,monetary,simple,BAD_WRONG,UNCLASSIFIED,False,False,False,0.2,0.0,1.0,4,1
p1_00213,212,monetary,simple,BAD_WRONG,UNCLASSIFIED,False,False,False,0.0,1.0,0.6666666666666666,2,0
p1_00214,213,percentage,simple,BAD_WRONG,NR,False,True,True,0.0,0.0,0.75,3,0
p1_00215,214,monetary,simple,BAD_WRONG,UNCLASSIFIED,False,False,False,0.0,1.0,0.75,4,0
p1_00216,215,monetary,simple,MEDIUM_WRONG,CE,False,False,False,0.5,0.5,1.0,1,1
p1_00217,216,monetary,simple,BAD_WRONG,NR,False,False,False,0.0,0.0,1.0,1,0
p1_00218,217,monetary,simple,GOOD,,True,True,False,1.0,1.0,1.0,0,0
p1_00219,218,time,simple,BAD_WRONG,CE,False,True,True,0.5,0.0,1.0,1,0
p1_00220,219,percentage,simple,MEDIUM_WRONG,CE,False,False,False,0.6666666666666666,0.5,1.0,1,1
p1_00221,220,monetary,simple,MEDIUM_CORRECT,CE,True,True,False,1.0,0.0,1.0,0,0
p1_00222,221,monetary,simple,BAD_WRONG,CE,False,False,False,0.4,0.6666666666666666,1.0,3,1
p1_00223,222,counting,simple,BAD_WRONG,NR,False,False,False,0.0,0.0,0.5,3,0
p1_00224,223,monetary,simple,BAD_WRONG,SM,False,False,False,0.0,1.0,0.6666666666666666,3,0
p1_00225,224,monetary,simple,BAD_WRONG,UNCLASSIFIED,False,False,False,0.0,1.0,1.0,3,0
p1_00226,225,percentage,simple,BAD_WRONG,UNCLASSIFIED,False,False,False,0.3333333333333333,0.5,1.0,2,1
p1_00227,226,monetary,simple,BAD_WRONG,UNCLASSIFIED,False,True,True,0.0,0.0,1.0,4,1
p1_00228,227,time,simple,BAD_WRONG,SM,False,False,False,0.0,1.0,1.0,5,0
p1_00229,228,time,simple,GOOD,,True,True,False,1.0,1.0,1.0,0,0
p1_00230,229,monetary,simple,BAD_WRONG,UNCLASSIFIED,False,False,False,0.3333333333333333,0.0,1.0,2,1
p1_00231,230,monetary,simple,BAD_WRONG,NR,False,False,False,0.0,0.0,0.5,3,0
p1_00232,231,monetary,simple,BAD_WRONG,UNCLASSIFIED,False,True,True,0.2,0.6666666666666666,1.0,4,1
p1_00233,232,monetary,medium,GOOD,,True,True,False,1.0,1.0,1.0,0,0
p1_00234,233,percentage,simple,MEDIUM_CORRECT,CE,True,True,False,0.5,0.0,1.0,1,2
p1_00235,234,time,simple,BAD_WRONG,UNCLASSIFIED,False,False,False,0.0,0.0,0.6666666666666666,4,1
p1_00236,235,percentage,simple,BAD_WRONG,UNCLASSIFIED,False,False,False,0.3333333333333333,1.0,0.4,2,0
p1_00237,236,time,simple,BAD_WRONG,UNCLASSIFIED,False,False,False,0.2857142857142857,1.0,1.0,5,0
p1_00238,237,monetary,simple,BAD_WRONG,UNCLASSIFIED,False,False,False,0.0,0.0,1.0,3,1
p1_00239,238,monetary,simple,BAD_WRONG,NR,False,False,False,0.0,0.0,0.3333333333333333,2,0
p1_00240,239,monetary,simple,BAD_WRONG,UNCLASSIFIED,False,False,False,0.0,0.0,1.0,4,2
p1_00241,240,monetary,simple,MEDIUM_CORRECT,UNCLASSIFIED,True,True,False,0.5,1.0,0.6666666666666666,1,0
p1_00242,241,monetary,simple,MEDIUM_WRONG,UNCLASSIFIED,False,False,False,0.5,1.0,1.0,1,0
p1_00243,242,counting,simple,BAD_WRONG,NR,False,False,False,0.0,0.0,0.5,2,0
p1_00244,243,monetary,simple,BAD_WRONG,CE,False,False,False,0.6666666666666666,0.0,1.0,2,0
p1_00245,244,percentage,simple,BAD_WRONG,UNCLASSIFIED,False,False,False,0.25,1.0,0.75,3,0
p1_00246,245,time,simple,MEDIUM_CORRECT,UNCLASSIFIED,True,True,False,0.6666666666666666,1.0,1.0,1,0
p1_00247,246,time,simple,MEDIUM_CORRECT,UNCLASSIFIED,True,True,False,0.5,1.0,1.0,1,0
p1_00248,247,percentage,simple,BAD_WRONG,SM,False,False,False,0.0,1.0,0.8,4,0
p1_00249,248,monetary,simple,BAD_WRONG,UNCLASSIFIED,False,False,False,0.7142857142857143,1.0,1.0,2,0
p1_00250,249,time,simple,MEDIUM_CORRECT,CE,True,True,False,0.5,0.5,1.0,3,1
p1_00251,250,percentage,simple,BAD_WRONG,UNCLASSIFIED,False,True,True,0.3333333333333333,0.5,1.0,2,1
p1_00252,251,monetary,simple,MEDIUM_CORRECT,CE,True,True,False,1.0,0.5,1.0,0,1
p1_00253,252,monetary,simple,BAD_WRONG,SM,False,False,False,0.0,0.5,1.0,2,1
p1_00254,253,time,simple,BAD_WRONG,NR,False,False,False,0.0,0.0,1.0,2,0
p1_00255,254,counting,simple,BAD_WRONG,UNCLASSIFIED,False,False,False,0.0,0.5,1.0,3,1
p1_00256,255,time,simple,BAD_WRONG,NR,False,False,False,0.0,0.0,1.0,2,0
p1_00257,256,time,simple,BAD_WRONG,UNCLASSIFIED,False,False,False,0.0,0.0,0.5,1,2
p1_00258,257,time,simple,MEDIUM_CORRECT,CE,True,True,False,0.5,0.0,0.8,2,0
p1_00259,258,percentage,simple,MEDIUM_WRONG,CE,False,False,False,0.75,0.75,1.0,1,1
p1_00260,259,monetary,simple,MEDIUM_WRONG,SM,False,False,False,0.0,1.0,1.0,0,0
p1_00261,260,monetary,simple,BAD_WRONG,CE,False,False,False,0.5,0.5,1.0,2,2
p1_00262,261,percentage,medium,BAD_WRONG,UNCLASSIFIED,False,False,False,0.2,0.25,0.7777777777777778,4,3
p1_00263,262,monetary,simple,BAD_WRONG,CE,False,False,False,0.5,0.0,1.0,1,0
p1_00264,263,time,simple,BAD_WRONG,NR,False,False,False,0.0,0.0,1.0,2,0
p1_00265,264,time,simple,BAD_WRONG,NR,False,False,False,0.0,0.0,0.6666666666666666,3,0
p1_00266,265,percentage,simple,BAD_WRONG,NR,False,False,False,0.25,0.0,1.0,6,0
p1_00267,266,time,simple,BAD_WRONG,UNCLASSIFIED,False,False,False,0.25,1.0,1.0,3,0
p1_00268,267,counting,simple,BAD_WRONG,NR,False,False,False,0.0,0.0,1.0,2,0
p1_00269,268,counting,simple,BAD_WRONG,UNCLASSIFIED,False,False,False,0.0,0.0,1.0,3,2
p1_00270,269,time,simple,BAD_WRONG,UNCLASSIFIED,False,False,False,0.0,0.0,0.8333333333333334,3,1
p1_00271,270,monetary,simple,MEDIUM_WRONG,UNCLASSIFIED,False,False,False,1.0,1.0,1.0,0,0
p1_00272,271,percentage,simple,MEDIUM_CORRECT,UNCLASSIFIED,True,True,False,1.0,1.0,1.0,0,0
p1_00273,272,monetary,simple,BAD_WRONG,CE,False,False,False,0.5,0.5,1.0,2,2
p1_00274,273,counting,simple,BAD_WRONG,NR,False,False,False,0.0,0.0,0.5,2,0
p1_00275,274,counting,simple,BAD_WRONG,UNCLASSIFIED,False,False,False,0.25,0.6666666666666666,1.0,3,1
p1_00276,275,percentage,simple,BAD_WRONG,UNCLASSIFIED,False,False,False,0.0,0.0,0.6666666666666666,3,1
p1_00277,276,percentage,simple,BAD_WRONG,UNCLASSIFIED,False,False,False,0.25,0.0,1.0,3,2
p1_00278,277,percentage,simple,BAD_WRONG,NR,False,False,False,0.0,0.0,0.75,4,0
p1_00279,278,monetary,simple,MEDIUM_WRONG,UNCLASSIFIED,False,False,False,0.5,1.0,0.6,1,0
p1_00280,279,monetary,simple,BAD_WRONG,UNCLASSIFIED,False,True,True,0.0,0.0,1.0,3,2
p1_00281,280,time,simple,GOOD,,True,True,False,1.0,1.0,1.0,0,0
p1_00282,281,monetary,simple,GOOD,,True,True,False,1.0,1.0,1.0,0,0
p1_00283,282,counting,simple,BAD_WRONG,UNCLASSIFIED,False,False,False,0.25,0.6666666666666666,1.0,3,1
p1_00284,283,time,simple,BAD_WRONG,UNCLASSIFIED,False,False,False,0.6,1.0,1.0,2,0
p1_00285,284,percentage,simple,MEDIUM_CORRECT,UNCLASSIFIED,True,True,False,0.5,1.0,1.0,1,0
p1_00286,285,time,simple,BAD_WRONG,UNCLASSIFIED,False,False,False,0.2,0.0,0.5,4,2
p1_00287,286,percentage,simple,BAD_WRONG,UNCLASSIFIED,False,False,False,0.0,0.0,1.0,2,1
p1_00288,287,time,simple,BAD_WRONG,UNCLASSIFIED,False,False,False,0.5,1.0,1.0,2,0
p1_00289,288,monetary,complex,BAD_WRONG,SM,False,False,False,0.16666666666666666,1.0,0.8,5,0
p1_00290,289,percentage,simple,BAD_WRONG,UNCLASSIFIED,False,False,False,0.2,0.5,0.8333333333333334,4,3
p1_00291,290,time,simple,BAD_WRONG,CE,False,False,False,0.6,0.5,1.0,2,1
p1_00292,291,rate,simple,BAD_WRONG,NR,False,False,False,0.0,0.0,1.0,3,0
p1_00293,292,rate,simple,BAD_WRONG,CE,False,False,False,0.4,0.0,1.0,3,2
p1_00294,293,percentage,simple,GOOD,,True,True,False,0.0,1.0,1.0,0,0
p1_00295,294,percentage,simple,MEDIUM_CORRECT,UNCLASSIFIED,True,True,False,0.75,1.0,1.0,1,0
p1_00296,295,time,simple,BAD_WRONG,SM,False,False,False,0.0,0.5,1.0,2,1
p1_00297,296,time,simple,MEDIUM_WRONG,UNCLASSIFIED,False,False,False,0.5,1.0,1.0,1,0
p1_00298,297,monetary,simple,BAD_WRONG,NR,False,False,False,0.0,0.0,1.0,4,0
p1_00299,298,percentage,simple,BAD_WRONG,CE,False,False,False,0.5,0.6,1.0,1,2
p1_00300,299,percentage,simple,MEDIUM_WRONG,UNCLASSIFIED,False,False,False,0.6666666666666666,1.0,1.0,1,0
p1_00301,300,rate,simple,BAD_WRONG,UNCLASSIFIED,False,True,True,0.6666666666666666,1.0,1.0,2,0
p1_00302,301,time,simple,BAD_WRONG,SM,False,False,False,0.0,1.0,1.0,2,0
p1_00303,302,percentage,simple,BAD_WRONG,CE,False,False,False,0.75,0.0,1.0,1,0
p1_00304,303,counting,simple,MEDIUM_WRONG,UNCLASSIFIED,False,False,False,0.0,0.0,1.0,1,1
p1_00305,304,time,simple,BAD_WRONG,UNCLASSIFIED,False,False,False,0.3333333333333333,1.0,1.0,2,0
p1_00306,305,rate,simple,MEDIUM_CORRECT,UNCLASSIFIED,True,True,False,1.0,1.0,0.6666666666666666,0,0
p1_00307,306,monetary,simple,BAD_WRONG,UNCLASSIFIED,False,False,False,0.0,0.0,1.0,2,2
p1_00308,307,counting,simple,BAD_WRONG,UNCLASSIFIED,False,True,True,0.0,0.0,1.0,2,1
p1_00309,308,monetary,simple,BAD_WRONG,SM,False,False,False,0.2,1.0,1.0,4,0
p1_00310,309,counting,simple,GOOD,,True,True,False,1.0,1.0,1.0,0,0
p1_00311,310,time,simple,BAD_WRONG,SM,False,False,False,0.0,1.0,1.0,3,0
p1_00312,311,time,simple,BAD_WRONG,UNCLASSIFIED,False,False,False,0.0,0.3333333333333333,1.0,3,2
p1_00313,312,counting,simple,BAD_WRONG,CE,False,False,False,0.5,0.0,0.0,1,0
p1_00314,313,time,simple,BAD_WRONG,NR,False,False,False,0.25,0.0,1.0,3,0
p1_00315,314,counting,simple,BAD_WRONG,CE,False,False,False,0.6666666666666666,0.5,1.0,2,1
p1_00316,315,monetary,simple,MEDIUM_WRONG,UNCLASSIFIED,False,False,False,0.5,1.0,0.75,1,0
p1_00317,316,counting,simple,BAD_WRONG,NR,False,False,False,0.0,0.0,0.5,2,0
p1_00318,317,time,simple,BAD_WRONG,NR,False,False,False,0.25,0.0,1.0,3,0
p1_00319,318,monetary,simple,BAD_WRONG,UNCLASSIFIED,False,False,False,0.8,1.0,1.0,1,0
p1_00320,319,monetary,medium,BAD_WRONG,NR,False,False,False,0.0,0.0,0.25,3,0
p1_00321,320,monetary,simple,BAD_WRONG,UNCLASSIFIED,False,False,False,0.25,1.0,0.6666666666666666,3,0
p1_00322,321,monetary,simple,BAD_WRONG,UNCLASSIFIED,False,False,False,0.0,0.0,1.0,3,1
p1_00323,322,percentage,simple,BAD_WRONG,SM,False,False,False,0.0,1.0,1.0,5,0
p1_00324,323,time,simple,MEDIUM_WRONG,UNCLASSIFIED,False,False,False,0.5,1.0,0.6666666666666666,1,0
p1_00325,324,time,simple,GOOD,,True,True,False,1.0,1.0,1.0,0,0
p1_00326,325,monetary,simple,BAD_WRONG,NR,False,False,False,0.0,0.0,1.0,1,0
p1_00327,326,time,simple,BAD_WRONG,NR,False,False,False,0.0,0.0,1.0,3,0
p1_00328,327,percentage,simple,BAD_WRONG,UNCLASSIFIED,False,False,False,0.0,0.0,1.0,0,1
p1_00329,328,time,simple,BAD_WRONG,CE,False,False,False,1.0,0.0,1.0,0,0
p1_00330,329,monetary,simple,BAD_WRONG,UNCLASSIFIED,False,True,True,1.0,1.0,1.0,0,0
p1_00331,330,time,simple,BAD_WRONG,UNCLASSIFIED,False,False,False,0.0,0.0,1.0,2,1
p1_00332,331,time,simple,MEDIUM_CORRECT,CE,True,True,False,1.0,0.5,1.0,0,1
p1_00333,332,time,simple,MEDIUM_WRONG,SM,False,False,False,0.0,1.0,0.6666666666666666,1,0
p1_00334,333,time,simple,BAD_WRONG,CE,False,False,False,0.5,0.5,0.75,1,1
p1_00335,334,percentage,simple,BAD_WRONG,SM,False,False,False,0.0,0.5,1.0,3,1
p1_00336,335,percentage,simple,BAD_WRONG,UNCLASSIFIED,False,True,True,0.5,1.0,1.0,3,0
p1_00337,336,rate,simple,BAD_WRONG,CE,False,True,True,0.8,0.0,0.5,1,0
p1_00338,337,monetary,simple,BAD_WRONG,UNCLASSIFIED,False,False,False,0.25,1.0,1.0,3,0
p1_00339,338,time,simple,BAD_WRONG,UNCLASSIFIED,False,True,True,0.25,0.0,1.0,3,1
p1_00340,339,time,simple,BAD_WRONG,NR,False,False,False,0.0,0.0,1.0,2,0
p1_00341,340,time,simple,BAD_WRONG,NR,False,False,False,0.0,0.0,1.0,2,0
p1_00342,341,time,simple,BAD_WRONG,UNCLASSIFIED,False,False,False,0.3333333333333333,0.6666666666666666,1.0,2,1
p1_00343,342,monetary,simple,BAD_WRONG,NR,False,False,False,0.0,0.0,1.0,0,0
p1_00344,343,time,medium,BAD_WRONG,UNCLASSIFIED,False,False,False,0.25,0.3333333333333333,0.6,3,2
p1_00345,344,time,simple,BAD_WRONG,UNCLASSIFIED,False,False,False,0.3333333333333333,0.5,1.0,2,2
p1_00346,345,monetary,simple,BAD_WRONG,SM,False,False,False,0.0,1.0,1.0,2,0
p1_00347,346,monetary,simple,GOOD,,True,True,False,1.0,1.0,1.0,0,0
p1_00348,347,monetary,medium,BAD_WRONG,UNCLASSIFIED,False,False,False,0.0,0.5,0.875,4,1
p1_00349,348,time,simple,BAD_WRONG,CE,False,False,False,0.5,0.0,1.0,1,0
p1_00350,349,percentage,simple,BAD_WRONG,NR,False,False,False,0.0,0.0,0.75,3,0
p1_00351,350,time,simple,BAD_WRONG,UNCLASSIFIED,False,False,False,0.25,0.0,1.0,3,2
p1_00352,351,monetary,simple,BAD_WRONG,ST,False,False,False,0.0,0.0,0.6,8,1
p1_00353,352,monetary,simple,BAD_WRONG,UNCLASSIFIED,False,True,True,0.3333333333333333,0.5,1.0,2,1
p1_00354,353,time,simple,BAD_WRONG,CE,False,False,False,0.7142857142857143,0.6,1.0,2,2
p1_00355,354,time,simple,BAD_WRONG,UNCLASSIFIED,False,False,False,0.0,0.25,1.0,3,3
p1_00356,355,time,simple,BAD_WRONG,UNCLASSIFIED,False,False,False,0.25,0.5,0.8,3,1
p1_00357,356,time,simple,BAD_WRONG,UNCLASSIFIED,False,True,True,0.3333333333333333,0.0,0.5,2,0
p1_00358,357,time,simple,BAD_WRONG,NR,False,False,False,0.25,0.0,0.6666666666666666,3,0
p1_00359,358,counting,simple,BAD_WRONG,UNCLASSIFIED,False,False,False,0.3333333333333333,1.0,1.0,2,0
p1_00360,359,counting,simple,BAD_WRONG,NR,False,False,False,0.0,0.0,0.5,3,0
p1_00361,360,time,simple,MEDIUM_CORRECT,CE,True,True,False,1.0,0.0,1.0,0,0
p1_00362,361,monetary,simple,MEDIUM_CORRECT,CE,True,True,False,1.0,0.0,1.0,0,0
p1_00363,362,percentage,simple,MEDIUM_CORRECT,CE,True,True,False,0.5,0.0,1.0,1,0
p1_00364,363,counting,simple,MEDIUM_CORRECT,CE,True,True,False,0.6666666666666666,0.0,1.0,1,2
p1_00365,364,time,simple,BAD_WRONG,CE,False,False,False,0.5,0.0,1.0,1,0
p1_00366,365,monetary,simple,BAD_WRONG,UNCLASSIFIED,False,False,False,0.0,0.0,1.0,3,1
p1_00367,366,monetary,simple,BAD_WRONG,UNCLASSIFIED,False,False,False,1.0,1.0,1.0,0,0
p1_00368,367,time,simple,MEDIUM_WRONG,SM,False,False,False,0.0,0.5,1.0,1,1
p1_00369,368,counting,simple,BAD_WRONG,UNCLASSIFIED,False,False,False,0.0,0.0,1.0,2,1
p1_00370,369,monetary,simple,BAD_WRONG,UNCLASSIFIED,False,False,False,0.25,0.0,0.5,3,1
p1_00371,370,time,simple,MEDIUM_WRONG,CE,False,False,False,0.5,0.0,1.0,1,1
p1_00372,371,percentage,simple,BAD_WRONG,UNCLASSIFIED,False,False,False,0.0,0.0,0.6,3,1
p1_00373,372,counting,simple,BAD_WRONG,CE,False,False,False,0.5,0.0,0.75,1,0
p1_00374,373,counting,simple,BAD_WRONG,UNCLASSIFIED,False,False,False,0.25,0.0,0.6666666666666666,3,1
p1_00375,374,monetary,simple,BAD_WRONG,CE,False,False,False,1.0,0.0,1.0,0,1
p1_00376,375,monetary,simple,GOOD,,True,True,False,1.0,1.0,1.0,0,0
p1_00377,376,percentage,simple,MEDIUM_CORRECT,CE,True,True,False,1.0,0.0,1.0,0,1
p1_00378,377,monetary,simple,MEDIUM_CORRECT,UNCLASSIFIED,True,True,False,0.5,1.0,1.0,1,0
p1_00379,378,rate,simple,BAD_WRONG,NR,False,False,False,0.0,0.0,1.0,5,0
p1_00380,379,monetary,simple,BAD_WRONG,NR,False,False,False,0.25,0.0,0.75,3,0
p1_00381,380,time,simple,BAD_WRONG,UNCLASSIFIED,False,False,False,0.3333333333333333,0.0,1.0,2,1
p1_00382,381,percentage,simple,BAD_WRONG,UNCLASSIFIED,False,False,False,0.6,1.0,1.0,2,0
p1_00383,382,percentage,simple,BAD_WRONG,UNCLASSIFIED,False,False,False,0.0,0.0,0.8333333333333334,2,4
p1_00384,383,monetary,simple,MEDIUM_WRONG,CE,False,True,True,0.75,0.5,1.0,1,1
p1_00385,384,rate,simple,BAD_WRONG,UNCLASSIFIED,False,False,False,0.8333333333333334,1.0,0.8,1,0
p1_00386,385,percentage,simple,BAD_WRONG,UNCLASSIFIED,False,False,False,0.3333333333333333,1.0,1.0,2,0
p1_00387,386,rate,simple,MEDIUM_CORRECT,CE,True,True,False,1.0,0.0,1.0,0,1
p1_00388,387,counting,simple,BAD_WRONG,SM,False,False,False,0.0,1.0,0.5,3,0
p1_00389,388,counting,simple,BAD_WRONG,UNCLASSIFIED,False,False,False,0.0,0.0,1.0,2,2
p1_00390,389,time,simple,BAD_WRONG,SM,False,False,False,0.0,1.0,1.0,3,0
p1_00391,390,counting,simple,GOOD,,True,True,False,1.0,1.0,1.0,0,0
p1_00392,391,counting,simple,BAD_WRONG,UNCLASSIFIED,False,False,False,0.25,1.0,1.0,3,0
p1_00393,392,rate,simple,MEDIUM_WRONG,UNCLASSIFIED,False,False,False,0.5,1.0,1.0,1,0
p1_00394,393,time,simple,BAD_WRONG,SM,False,False,False,0.0,1.0,1.0,2,0
p1_00395,394,time,simple,BAD_WRONG,CE,False,False,False,1.0,0.0,1.0,0,0
p1_00396,395,percentage,simple,GOOD,,True,True,False,1.0,1.0,1.0,0,0
p1_00397,396,time,simple,BAD_WRONG,SM,False,False,False,0.2,0.5,1.0,4,2
p1_00398,397,counting,simple,BAD_WRONG,UNCLASSIFIED,False,False,False,0.0,0.5,1.0,3,1
p1_00399,398,monetary,simple,BAD_WRONG,UNCLASSIFIED,False,False,False,0.0,0.0,1.0,2,1
p1_00400,399,monetary,simple,BAD_WRONG,UNCLASSIFIED,False,False,False,0.5,1.0,1.0,2,0
p1_00401,400,time,simple,BAD_WRONG,UNCLASSIFIED,False,False,False,0.0,1.0,0.0,2,0
p1_00402,401,time,simple,BAD_WRONG,UNCLASSIFIED,False,False,False,0.16666666666666666,1.0,0.75,5,0
p1_00403,402,time,simple,BAD_WRONG,NR,False,False,False,0.0,0.0,1.0,1,0
p1_00404,403,time,simple,GOOD,,True,True,False,1.0,1.0,1.0,0,0
p1_00405,404,time,simple,BAD_WRONG,UNCLASSIFIED,False,False,False,0.3333333333333333,0.5,1.0,2,2
p1_00406,405,percentage,simple,MEDIUM_CORRECT,UNCLASSIFIED,True,True,False,0.875,0.8571428571428571,1.0,1,1
p1_00407,406,percentage,simple,BAD_WRONG,NR,False,False,False,0.0,0.0,0.5,5,0
p1_00408,407,time,simple,BAD_WRONG,NR,False,False,False,0.0,0.0,0.6666666666666666,3,0
p1_00409,408,monetary,simple,BAD_WRONG,NR,False,False,False,0.0,0.0,1.0,0,0
p1_00410,409,counting,simple,BAD_WRONG,UNCLASSIFIED,False,False,False,0.25,1.0,1.0,3,0
p1_00411,410,counting,simple,BAD_WRONG,UNCLASSIFIED,False,False,False,0.0,0.0,1.0,3,1
p1_00412,411,monetary,simple,BAD_WRONG,UNCLASSIFIED,False,False,False,1.0,1.0,1.0,0,0
p1_00413,412,time,simple,MEDIUM_WRONG,CE,False,False,False,0.6666666666666666,0.0,1.0,1,1
p1_00414,413,time,simple,BAD_WRONG,UNCLASSIFIED,False,False,False,0.0,0.5,0.0,3,1
p1_00415,414,monetary,simple,BAD_WRONG,UNCLASSIFIED,False,True,True,0.3333333333333333,0.0,1.0,2,1
p1_00416,415,percentage,simple,BAD_WRONG,NR,False,False,False,0.0,0.0,1.0,4,0
p1_00417,416,monetary,simple,BAD_WRONG,UNCLASSIFIED,False,False,False,0.3333333333333333,1.0,1.0,2,0
p1_00418,417,monetary,simple,BAD_WRONG,CE,False,False,False,1.0,0.0,1.0,0,0
p1_00419,418,time,simple,BAD_WRONG,CE,False,False,False,0.4,0.6666666666666666,1.0,3,1
p1_00420,419,time,simple,MEDIUM_CORRECT,CE,True,True,False,1.0,0.0,1.0,0,0
p1_00421,420,monetary,simple,MEDIUM_CORRECT,UNCLASSIFIED,True,True,False,1.0,1.0,1.0,0,0
p1_00422,421,time,simple,BAD_WRONG,UNCLASSIFIED,False,False,False,0.3333333333333333,0.5,1.0,4,1
p1_00423,422,monetary,simple,BAD_WRONG,UNCLASSIFIED,False,False,False,0.4,1.0,0.8,3,0
p1_00424,423,percentage,simple,BAD_WRONG,UNCLASSIFIED,False,False,False,0.0,1.0,1.0,4,0
p1_00425,424,monetary,simple,MEDIUM_WRONG,CE,False,False,False,0.6666666666666666,0.75,1.0,1,1
p1_00426,425,counting,simple,GOOD,,True,True,False,1.0,1.0,1.0,0,0
p1_00427,426,percentage,medium,BAD_WRONG,UNCLASSIFIED,False,False,False,0.0,0.6,0.8333333333333334,0,2
p1_00428,427,monetary,simple,BAD_WRONG,NR,False,False,False,0.0,0.0,0.6666666666666666,2,0
p1_00429,428,rate,simple,BAD_WRONG,UNCLASSIFIED,False,False,False,0.0,0.6666666666666666,1.0,3,1
p1_00430,429,time,simple,BAD_WRONG,CE,False,False,False,0.5,0.0,1.0,1,0
p1_00431,430,monetary,medium,BAD_WRONG,CE,False,False,False,1.0,0.0,0.8571428571428571,0,1
p1_00432,431,monetary,simple,GOOD,,True,True,False,1.0,1.0,1.0,0,0
p1_00433,432,time,simple,BAD_WRONG,SM,False,False,False,0.0,0.5,1.0,2,1
p1_00434,433,time,simple,BAD_WRONG,CE,False,False,False,1.0,0.0,1.0,0,0
p1_00435,434,monetary,simple,MEDIUM_WRONG,SM,False,False,False,0.0,1.0,0.5,1,0
p1_00436,435,time,simple,BAD_WRONG,SM,False,False,False,0.0,1.0,1.0,2,0
p1_00437,436,monetary,simple,BAD_WRONG,UNCLASSIFIED,False,False,False,0.0,0.5,1.0,5,1
p1_00438,437,percentage,simple,BAD_WRONG,SM,False,False,False,0.0,1.0,0.6,2,0
p1_00439,438,time,simple,BAD_WRONG,CE,False,False,False,0.5,0.7142857142857143,1.0,1,2
p1_00440,439,monetary,simple,BAD_WRONG,SM,False,False,False,0.0,1.0,1.0,2,0
p1_00441,440,time,simple,GOOD,,True,True,False,1.0,1.0,1.0,0,0
p1_00442,441,monetary,simple,BAD_WRONG,CE,False,True,True,1.0,0.0,1.0,0,0
p1_00443,442,monetary,simple,MEDIUM_WRONG,UNCLASSIFIED,False,False,False,0.5,1.0,1.0,1,0
p1_00444,443,time,simple,BAD_WRONG,UNCLASSIFIED,False,False,False,0.0,1.0,1.0,2,0
p1_00445,444,rate,simple,BAD_WRONG,UNCLASSIFIED,False,False,False,0.25,0.6666666666666666,1.0,3,1
p1_00446,445,counting,simple,BAD_WRONG,SM,False,False,False,0.0,1.0,0.5,3,0
p1_00447,446,percentage,simple,BAD_WRONG,CE,False,False,False,1.0,0.0,0.8571428571428571,0,0
p1_00448,447,monetary,simple,BAD_WRONG,UNCLASSIFIED,False,False,False,0.3333333333333333,0.0,1.0,2,0
p1_00449,448,time,simple,MEDIUM_WRONG,SM,False,False,False,0.0,0.5,1.0,1,1
p1_00450,449,counting,simple,BAD_WRONG,UNCLASSIFIED,False,False,False,0.0,0.0,1.0,2,1
p1_00451,450,monetary,simple,BAD_WRONG,UNCLASSIFIED,False,False,False,0.0,1.0,1.0,2,0
p1_00452,451,counting,simple,BAD_WRONG,NR,False,False,False,0.25,0.0,1.0,3,0
p1_00453,452,counting,simple,MEDIUM_CORRECT,CE,True,True,False,1.0,0.0,1.0,0,0
p1_00454,453,time,simple,BAD_WRONG,NR,False,False,False,0.0,0.0,0.5,2,0
p1_00455,454,time,simple,BAD_WRONG,CE,False,False,False,0.5,0.0,1.0,1,1
p1_00456,455,time,simple,BAD_WRONG,UNCLASSIFIED,False,False,False,0.0,1.0,0.3333333333333333,2,0
p1_00457,456,monetary,simple,BAD_WRONG,UNCLASSIFIED,False,False,False,0.25,1.0,1.0,3,0
p1_00458,457,time,simple,GOOD,,True,True,False,1.0,1.0,1.0,0,0
p1_00459,458,rate,simple,BAD_WRONG,CE,False,False,False,0.5,0.0,1.0,1,1
p1_00460,459,monetary,simple,BAD_WRONG,NR,False,False,False,0.0,0.0,1.0,1,0
p1_00461,460,time,simple,MEDIUM_WRONG,UNCLASSIFIED,False,False,False,0.75,1.0,1.0,1,0
p1_00462,461,monetary,simple,BAD_WRONG,UNCLASSIFIED,False,False,False,0.0,0.0,1.0,2,1
p1_00463,462,monetary,simple,BAD_WRONG,UNCLASSIFIED,False,False,False,0.3333333333333333,1.0,0.7142857142857143,2,0
p1_00464,463,percentage,simple,GOOD,,True,True,False,1.0,1.0,1.0,0,0
p1_00465,464,time,simple,BAD_WRONG,UNCLASSIFIED,False,False,False,0.5,1.0,0.0,1,0
p1_00466,465,monetary,simple,BAD_WRONG,CE,False,False,False,0.5,0.0,0.5,1,0
p1_00467,466,counting,simple,BAD_WRONG,UNCLASSIFIED,False,False,False,0.3333333333333333,0.0,1.0,2,1
p1_00468,467,monetary,simple,BAD_WRONG,NR,False,False,False,0.0,0.0,0.6666666666666666,5,0
p1_00469,468,percentage,simple,BAD_WRONG,CE,False,False,False,0.5,0.0,1.0,1,1
p1_00470,469,time,simple,GOOD,,True,True,False,1.0,1.0,1.0,0,0
p1_00471,470,counting,simple,BAD_WRONG,UNCLASSIFIED,False,False,False,0.25,1.0,1.0,3,0
p1_00472,471,monetary,simple,BAD_WRONG,CE,False,False,False,0.5,0.0,0.5,1,0
p1_00473,472,time,simple,MEDIUM_CORRECT,CE,True,True,False,1.0,0.0,0.75,0,0
p1_00474,473,monetary,simple,BAD_WRONG,SM,False,False,False,0.2,1.0,0.6666666666666666,4,0
p1_00475,474,time,simple,BAD_WRONG,SM,False,False,False,0.0,1.0,0.6666666666666666,2,0
p1_00476,475,rate,simple,BAD_WRONG,UNCLASSIFIED,False,False,False,0.3333333333333333,0.0,1.0,2,0
p1_00477,476,time,simple,BAD_WRONG,NR,False,False,False,0.0,0.0,1.0,1,0
p1_00478,477,percentage,simple,BAD_WRONG,UNCLASSIFIED,False,False,False,0.3333333333333333,0.5,1.0,4,2
p1_00479,478,monetary,simple,BAD_WRONG,UNCLASSIFIED,False,False,False,0.0,0.0,1.0,3,1
p1_00480,479,percentage,simple,BAD_WRONG,SM,False,False,False,0.2,0.8,1.0,4,1
p1_00481,480,monetary,simple,BAD_WRONG,CE,False,False,False,1.0,0.3333333333333333,0.6666666666666666,0,2
p1_00482,481,monetary,simple,BAD_WRONG,CE,False,False,False,1.0,0.5,1.0,0,1
p1_00483,482,percentage,simple,BAD_WRONG,UNCLASSIFIED,False,False,False,0.0,0.0,1.0,2,1
p1_00484,483,time,simple,BAD_WRONG,NR,False,False,False,0.0,0.0,1.0,1,0
p1_00485,484,percentage,simple,BAD_WRONG,CE,False,False,False,1.0,0.0,1.0,0,1
p1_00486,485,counting,simple,BAD_WRONG,UNCLASSIFIED,False,False,False,0.3333333333333333,1.0,1.0,2,0
p1_00487,486,percentage,simple,BAD_WRONG,CE,False,False,False,1.0,0.0,0.8,0,0
p1_00488,487,rate,simple,BAD_WRONG,CE,False,False,False,0.5,0.75,1.0,2,1
p1_00489,488,monetary,simple,BAD_WRONG,NR,False,False,False,0.0,0.0,0.0,5,0
p1_00490,489,percentage,simple,BAD_WRONG,UNCLASSIFIED,False,False,False,0.0,0.0,0.8,4,1
p1_00491,490,monetary,simple,BAD_WRONG,CE,False,False,False,0.5,0.0,1.0,1,0
p1_00492,491,percentage,simple,BAD_WRONG,UNCLASSIFIED,False,False,False,0.3333333333333333,1.0,1.0,2,0
p1_00493,492,time,simple,BAD_WRONG,UNCLASSIFIED,False,False,False,0.5,1.0,0.8333333333333334,3,0
p1_00494,493,time,simple,BAD_WRONG,UNCLASSIFIED,False,False,False,0.0,0.0,0.6666666666666666,2,1
p1_00495,494,monetary,simple,BAD_WRONG,UNCLASSIFIED,False,False,False,0.0,0.0,0.5,3,1
p1_00496,495,time,simple,BAD_WRONG,NR,False,False,False,0.0,0.0,0.6666666666666666,2,0
p1_00497,496,time,simple,MEDIUM_WRONG,UNCLASSIFIED,False,False,False,1.0,1.0,0.6666666666666666,0,0
p1_00498,497,monetary,simple,BAD_WRONG,UNCLASSIFIED,False,False,False,0.3333333333333333,1.0,0.5,2,0
p1_00499,498,time,simple,MEDIUM_CORRECT,UNCLASSIFIED,True,True,False,0.75,1.0,1.0,1,0
p1_00500,499,monetary,simple,BAD_WRONG,CE,False,False,False,0.8333333333333334,0.0,1.0,1,2
p1_00501,500,monetary,simple,MEDIUM_CORRECT,UNCLASSIFIED,True,True,False,0.8,1.0,1.0,1,0
p1_00502,501,monetary,simple,BAD_WRONG,SM,False,False,False,0.14285714285714285,1.0,1.0,6,0
p1_00503,502,monetary,simple,MEDIUM_WRONG,CE,False,True,True,0.6666666666666666,0.0,1.0,1,1
p1_00504,503,rate,simple,BAD_WRONG,UNCLASSIFIED,False,True,True,0.0,0.0,1.0,2,1
p1_00505,504,counting,simple,MEDIUM_WRONG,CE,False,False,False,0.5,0.5,1.0,1,1
p1_00506,505,time,simple,BAD_WRONG,NR,False,False,False,0.25,0.0,1.0,3,0
p1_00507,506,time,simple,MEDIUM_CORRECT,CE,True,True,False,1.0,0.5,1.0,0,1
p1_00508,507,rate,simple,BAD_WRONG,UNCLASSIFIED,False,False,False,0.0,0.5,1.0,4,1
p1_00509,508,time,simple,BAD_WRONG,CE,False,False,False,0.5,0.0,1.0,1,0
p1_00510,509,time,simple,GOOD,,True,True,False,1.0,1.0,1.0,0,0
p1_00511,510,time,simple,BAD_WRONG,CE,False,False,False,0.4,0.3333333333333333,1.0,3,2
p1_00512,511,time,simple,GOOD,,True,True,False,1.0,1.0,1.0,0,0
p1_00513,512,time,simple,BAD_WRONG,CE,False,False,False,0.5,0.0,0.5,1,0
p1_00514,513,time,simple,BAD_WRONG,CE,False,False,False,0.5,0.3333333333333333,1.0,1,2
p1_00515,514,monetary,simple,BAD_WRONG,NR,False,False,False,0.0,0.0,1.0,3,0
p1_00516,515,time,simple,MEDIUM_CORRECT,CE,True,True,False,1.0,0.0,1.0,0,1
p1_00517,516,time,simple,BAD_WRONG,UNCLASSIFIED,False,False,False,0.3333333333333333,0.0,1.0,2,0
p1_00518,517,percentage,simple,MEDIUM_CORRECT,CE,True,True,False,1.0,0.5,1.0,0,2
p1_00519,518,time,simple,MEDIUM_CORRECT,UNCLASSIFIED,True,True,False,0.5,1.0,0.75,2,0
p1_00520,519,rate,simple,BAD_WRONG,NR,False,False,False,0.0,0.0,1.0,3,0
p1_00521,520,time,simple,BAD_WRONG,UNCLASSIFIED,False,False,False,0.0,0.0,1.0,2,1
p1_00522,521,time,simple,BAD_WRONG,UNCLASSIFIED,False,False,False,0.2,1.0,0.6666666666666666,4,0
p1_00523,522,rate,simple,BAD_WRONG,CE,False,False,False,0.4,0.6666666666666666,1.0,3,1
p1_00524,523,time,simple,BAD_WRONG,UNCLASSIFIED,False,False,False,0.0,0.0,0.5,4,1
p1_00525,524,monetary,simple,BAD_WRONG,UNCLASSIFIED,False,False,False,0.2,0.0,1.0,4,1
p1_00526,525,time,simple,BAD_WRONG,UNCLASSIFIED,False,True,True,0.0,0.0,1.0,2,2
p1_00527,526,monetary,simple,BAD_WRONG,NR,False,False,False,0.0,0.0,0.75,3,0
p1_00528,527,monetary,simple,BAD_WRONG,UNCLASSIFIED,False,False,False,0.5,1.0,1.0,2,0
p1_00529,528,time,simple,BAD_WRONG,UNCLASSIFIED,False,False,False,0.0,0.0,1.0,2,1
p1_00530,529,time,simple,BAD_WRONG,UNCLASSIFIED,False,False,False,0.25,1.0,1.0,3,0
p1_00531,530,counting,simple,BAD_WRONG,SM,False,False,False,0.0,1.0,1.0,2,0
p1_00532,531,percentage,simple,BAD_WRONG,UNCLASSIFIED,False,False,False,0.25,1.0,0.6666666666666666,3,0
p1_00533,532,time,simple,BAD_WRONG,UNCLASSIFIED,False,False,False,0.3333333333333333,0.0,0.5,2,0
p1_00534,533,time,simple,BAD_WRONG,UNCLASSIFIED,False,False,False,0.0,0.0,1.0,2,2
p1_00535,534,percentage,simple,MEDIUM_WRONG,SM,False,False,False,0.0,1.0,1.0,1,0
p1_00536,535,percentage,simple,BAD_WRONG,UNCLASSIFIED,False,False,False,0.0,0.0,1.0,2,1
p1_00537,536,counting,simple,BAD_WRONG,UNCLASSIFIED,False,False,False,0.75,1.0,1.0,1,0
p1_00538,537,percentage,simple,BAD_WRONG,UNCLASSIFIED,False,False,False,0.0,0.0,1.0,3,2
p1_00539,538,percentage,simple,BAD_WRONG,CE,False,False,False,0.6666666666666666,0.3333333333333333,1.0,1,2
p1_00540,539,time,simple,MEDIUM_WRONG,UNCLASSIFIED,False,True,True,0.5,1.0,1.0,1,0
p1_00541,540,time,simple,BAD_WRONG,CE,False,False,False,0.6666666666666666,0.0,0.5,1,0
p1_00542,541,time,simple,BAD_WRONG,ST,False,False,False,0.42857142857142855,1.0,1.0,4,0
p1_00543,542,monetary,simple,BAD_WRONG,UNCLASSIFIED,False,False,False,0.5,1.0,1.0,3,0
p1_00544,543,percentage,simple,BAD_WRONG,UNCLASSIFIED,False,False,False,0.0,1.0,1.0,0,0
p1_00545,544,monetary,simple,BAD_WRONG,SM,False,False,False,0.0,1.0,1.0,3,0
p1_00546,545,time,simple,MEDIUM_CORRECT,UNCLASSIFIED,True,True,False,1.0,1.0,1.0,0,0
p1_00547,546,time,simple,GOOD,,True,True,False,1.0,1.0,1.0,0,0
p1_00548,547,counting,simple,MEDIUM_WRONG,CE,False,False,False,0.5,0.0,1.0,1,1
p1_00549,548,monetary,simple,GOOD,,True,True,False,1.0,1.0,1.0,0,0
p1_00550,549,time,simple,BAD_WRONG,UNCLASSIFIED,False,False,False,0.0,0.0,1.0,3,1
p1_00551,550,monetary,simple,BAD_WRONG,NR,False,False,False,0.0,0.0,0.6,3,0
p1_00552,551,monetary,simple,MEDIUM_CORRECT,CE,True,True,False,0.5,0.0,1.0,1,1
p1_00553,552,monetary,simple,MEDIUM_CORRECT,UNCLASSIFIED,True,True,False,0.3333333333333333,1.0,1.0,2,0
p1_00554,553,time,simple,BAD_WRONG,NR,False,False,False,0.0,0.0,1.0,1,0
p1_00555,554,monetary,simple,BAD_WRONG,CE,False,False,False,0.75,0.0,1.0,1,0
p1_00556,555,counting,simple,BAD_WRONG,SM,False,False,False,0.0,1.0,0.5,4,0
p1_00557,556,counting,simple,GOOD,,True,True,False,1.0,1.0,1.0,0,0
p1_00558,557,rate,simple,BAD_WRONG,UNCLASSIFIED,False,False,False,0.8,1.0,1.0,1,0
p1_00559,558,percentage,simple,BAD_WRONG,NR,False,False,False,0.0,0.0,0.8333333333333334,1,0
p1_00560,559,time,simple,BAD_WRONG,CE,False,False,False,0.5,0.0,1.0,1,1
p1_00561,560,percentage,medium,BAD_WRONG,UNCLASSIFIED,False,False,False,0.2857142857142857,0.0,0.9,5,1
p1_00562,561,monetary,simple,MEDIUM_CORRECT,CE,True,True,False,1.0,0.3333333333333333,1.0,0,2
p1_00563,562,time,simple,MEDIUM_CORRECT,UNCLASSIFIED,True,True,False,1.0,1.0,1.0,0,0
p1_00564,563,monetary,simple,BAD_WRONG,UNCLASSIFIED,False,False,False,0.25,0.6666666666666666,0.6666666666666666,3,1
p1_00565,564,time,simple,BAD_WRONG,NR,False,False,False,0.0,0.0,0.5,2,0
p1_00566,565,counting,simple,BAD_WRONG,CE,False,False,False,0.4,0.8,0.75,3,1
p1_00567,566,counting,simple,BAD_WRONG,UNCLASSIFIED,False,False,False,0.3333333333333333,0.6666666666666666,1.0,2,1
p1_00568,567,time,simple,BAD_WRONG,UNCLASSIFIED,False,False,False,0.0,0.0,1.0,3,2
p1_00569,568,time,simple,BAD_WRONG,UNCLASSIFIED,False,False,False,0.25,1.0,1.0,3,0
p1_00570,569,monetary,simple,BAD_WRONG,UNCLASSIFIED,False,False,False,0.3333333333333333,0.5,1.0,2,2
p1_00571,570,monetary,simple,BAD_WRONG,UNCLASSIFIED,False,True,True,0.5,1.0,1.0,2,0
p1_00572,571,percentage,simple,GOOD,,True,True,False,1.0,1.0,0.3333333333333333,0,0
p1_00573,572,monetary,simple,BAD_WRONG,NR,False,False,False,0.0,0.0,0.5,2,0
p1_00574,573,rate,simple,BAD_WRONG,NR,False,False,False,0.0,0.0,1.0,1,0
p1_00575,574,monetary,simple,GOOD,,True,True,False,1.0,1.0,1.0,0,0
p1_00576,575,counting,simple,BAD_WRONG,CE,False,False,False,0.5,0.0,1.0,1,0
p1_00577,576,time,simple,BAD_WRONG,UNCLASSIFIED,False,False,False,0.0,1.0,0.8,1,0
p1_00578,577,percentage,simple,BAD_WRONG,NR,False,False,False,0.0,0.0,0.3333333333333333,5,0
p1_00579,578,monetary,simple,BAD_WRONG,UNCLASSIFIED,False,False,False,0.6,1.0,1.0,2,0
p1_00580,579,percentage,simple,MEDIUM_WRONG,CE,False,False,False,0.75,0.6666666666666666,1.0,1,1
p1_00581,580,counting,simple,BAD_WRONG,ST,False,True,True,0.5,0.0,1.0,1,2
p1_00582,581,counting,simple,BAD_WRONG,SM,False,False,False,0.0,0.75,1.0,3,1
p1_00583,582,counting,simple,BAD_WRONG,CE,False,False,False,0.6,0.5,1.0,2,1
p1_00584,583,time,simple,MEDIUM_CORRECT,CE,True,True,False,1.0,0.0,1.0,0,0
p1_00585,584,rate,simple,BAD_WRONG,NR,False,False,False,0.25,0.0,0.6666666666666666,3,0
p1_00586,585,monetary,simple,BAD_WRONG,NR,False,False,False,0.0,0.0,1.0,2,0
p1_00587,586,counting,simple,BAD_WRONG,CE,False,False,False,0.5,0.0,1.0,1,0
p1_00588,587,counting,simple,MEDIUM_WRONG,CE,False,False,False,0.6666666666666666,0.0,1.0,1,1
p1_00589,588,counting,simple,BAD_WRONG,NR,False,False,False,0.0,0.0,1.0,2,0
p1_00590,589,percentage,simple,BAD_WRONG,SM,False,False,False,0.0,1.0,1.0,3,0
p1_00591,590,monetary,simple,MEDIUM_CORRECT,CE,True,True,False,1.0,0.0,1.0,0,0
p1_00592,591,percentage,simple,MEDIUM_CORRECT,UNCLASSIFIED,True,True,False,1.0,1.0,0.5,0,0
p1_00593,592,time,simple,BAD_WRONG,SM,False,False,False,0.0,0.75,1.0,5,1
p1_00594,593,percentage,complex,BAD_WRONG,NR,False,False,False,0.0,0.0,0.625,0,0
p1_00595,594,percentage,simple,MEDIUM_CORRECT,CE,True,True,False,0.5,0.6666666666666666,1.0,2,1
p1_00596,595,monetary,simple,MEDIUM_CORRECT,CE,True,True,False,1.0,0.5,1.0,0,1
p1_00597,596,monetary,simple,GOOD,,True,True,False,1.0,1.0,1.0,0,0
p1_00598,597,monetary,simple,GOOD,,True,True,False,1.0,1.0,1.0,0,0
p1_00599,598,monetary,simple,BAD_WRONG,SM,False,False,False,0.0,1.0,1.0,4,0
p1_00600,599,time,simple,MEDIUM_CORRECT,UNCLASSIFIED,True,True,False,1.0,1.0,1.0,0,0
p1_00601,600,monetary,simple,BAD_WRONG,UNCLASSIFIED,False,False,False,0.25,1.0,0.6666666666666666,3,0
p1_00602,601,monetary,simple,GOOD,,True,True,False,1.0,1.0,1.0,0,0
p1_00603,602,time,simple,BAD_WRONG,NR,False,False,False,0.0,0.0,0.3333333333333333,2,0
p1_00604,603,time,simple,BAD_WRONG,SM,False,False,False,0.0,0.5,1.0,3,2
p1_00605,604,monetary,simple,GOOD,,True,True,False,1.0,1.0,1.0,0,0
p1_00606,605,time,simple,BAD_WRONG,UNCLASSIFIED,False,False,False,0.5,1.0,1.0,2,0
p1_00607,606,percentage,simple,BAD_WRONG,CE,False,False,False,0.5,0.0,1.0,1,0
p1_00608,607,percentage,simple,BAD_WRONG,NR,False,False,False,0.25,0.0,0.8,3,0
p1_00609,608,counting,simple,BAD_WRONG,CE,False,False,False,0.75,0.0,1.0,1,3
p1_00610,609,time,simple,MEDIUM_WRONG,SM,False,False,False,0.0,1.0,0.75,0,0
p1_00611,610,monetary,simple,BAD_WRONG,NR,False,False,False,0.0,0.0,1.0,3,0
p1_00612,611,counting,simple,BAD_WRONG,UNCLASSIFIED,False,False,False,0.0,0.5,1.0,2,1
p1_00613,612,rate,simple,BAD_WRONG,UNCLASSIFIED,False,False,False,0.3333333333333333,0.5,1.0,2,1
p1_00614,613,time,simple,BAD_WRONG,UNCLASSIFIED,False,False,False,0.0,0.0,1.0,2,1
p1_00615,614,time,simple,MEDIUM_WRONG,UNCLASSIFIED,False,False,False,0.0,0.0,1.0,1,1
p1_00616,615,monetary,simple,BAD_WRONG,UNCLASSIFIED,False,True,True,0.5,1.0,1.0,2,0
p1_00617,616,percentage,simple,GOOD,,True,True,False,1.0,1.0,1.0,0,0
p1_00618,617,monetary,medium,BAD_WRONG,NR,False,False,False,0.0,0.0,0.5,6,0
p1_00619,618,monetary,simple,MEDIUM_WRONG,CE,False,False,False,1.0,0.5,0.6666666666666666,0,1
p1_00620,619,monetary,simple,BAD_WRONG,UNCLASSIFIED,False,True,True,0.0,1.0,0.75,3,0
p1_00621,620,monetary,simple,MEDIUM_CORRECT,CE,True,True,False,1.0,0.0,1.0,0,0
p1_00622,621,time,simple,GOOD,,True,True,False,1.0,1.0,1.0,0,0
p1_00623,622,counting,simple,BAD_WRONG,UNCLASSIFIED,False,False,False,0.2,0.0,0.5,4,1
p1_00624,623,monetary,simple,BAD_WRONG,SM,False,False,False,0.0,0.5,1.0,2,1
p1_00625,624,counting,simple,BAD_WRONG,NR,False,False,False,0.0,0.0,1.0,2,0
p1_00626,625,rate,simple,MEDIUM_CORRECT,CE,True,True,False,1.0,0.0,1.0,0,0
p1_00627,626,time,simple,BAD_WRONG,UNCLASSIFIED,False,False,False,0.3333333333333333,1.0,1.0,2,0
p1_00628,627,rate,simple,MEDIUM_CORRECT,CE,True,True,False,0.5,0.0,1.0,1,1
p1_00629,628,rate,simple,BAD_WRONG,UNCLASSIFIED,False,False,False,0.0,0.0,1.0,2,1
p1_00630,629,counting,simple,MEDIUM_CORRECT,CE,True,True,False,1.0,0.0,1.0,0,0
p1_00631,630,monetary,simple,MEDIUM_CORRECT,UNCLASSIFIED,True,True,False,1.0,0.0,1.0,0,2
p1_00632,631,rate,simple,BAD_WRONG,UNCLASSIFIED,False,False,False,0.3333333333333333,1.0,1.0,2,0
p1_00633,632,monetary,simple,BAD_WRONG,UNCLASSIFIED,False,False,False,0.0,1.0,0.3333333333333333,2,0
p1_00634,633,monetary,simple,BAD_WRONG,CE,False,False,False,0.5,0.3333333333333333,1.0,2,2
p1_00635,634,monetary,simple,BAD_WRONG,UNCLASSIFIED,False,False,False,0.0,0.0,1.0,4,2
p1_00636,635,percentage,simple,MEDIUM_CORRECT,UNCLASSIFIED,True,True,False,1.0,1.0,1.0,0,0
p1_00637,636,counting,simple,BAD_WRONG,CE,False,False,False,0.5,0.0,1.0,1,2
p1_00638,637,time,simple,BAD_WRONG,UNCLASSIFIED,False,False,False,0.3333333333333333,0.0,1.0,2,2
p1_00639,638,monetary,simple,GOOD,,True,True,False,1.0,1.0,1.0,0,0
p1_00640,639,percentage,simple,MEDIUM_WRONG,UNCLASSIFIED,False,True,True,0.5,1.0,1.0,1,0
p1_00641,640,counting,simple,MEDIUM_CORRECT,CE,True,True,False,1.0,0.0,1.0,0,0
p1_00642,641,monetary,simple,BAD_WRONG,NR,False,False,False,0.0,0.0,1.0,2,0
p1_00643,642,counting,simple,BAD_WRONG,UNCLASSIFIED,False,False,False,0.0,0.0,1.0,2,1
p1_00644,643,time,simple,BAD_WRONG,UNCLASSIFIED,False,False,False,0.0,0.0,1.0,3,1
p1_00645,644,monetary,simple,BAD_WRONG,UNCLASSIFIED,False,False,False,0.6666666666666666,1.0,1.0,2,0
p1_00646,645,time,simple,BAD_WRONG,UNCLASSIFIED,False,False,False,0.3333333333333333,0.0,0.75,2,2
p1_00647,646,monetary,simple,GOOD,,True,True,False,1.0,1.0,1.0,0,0
p1_00648,647,monetary,simple,BAD_WRONG,CE,False,False,False,0.75,0.5,1.0,1,1
p1_00649,648,counting,simple,BAD_WRONG,CE,False,False,False,0.5,0.0,1.0,1,0
p1_00650,649,rate,simple,BAD_WRONG,CE,False,False,False,0.5,0.6,0.6666666666666666,2,2
p1_00651,650,percentage,simple,BAD_WRONG,UNCLASSIFIED,False,False,False,0.0,1.0,0.6,2,0
p1_00652,651,time,simple,MEDIUM_CORRECT,UNCLASSIFIED,True,True,False,0.0,1.0,1.0,1,0
p1_00653,652,monetary,simple,BAD_WRONG,NR,False,False,False,0.0,0.0,1.0,2,0
p1_00654,653,monetary,simple,BAD_WRONG,CE,False,False,False,0.4,0.0,1.0,3,1
p1_00655,654,time,simple,BAD_WRONG,UNCLASSIFIED,False,False,False,0.3333333333333333,0.6666666666666666,1.0,2,1
p1_00656,655,counting,simple,BAD_WRONG,CE,False,False,False,0.5,0.0,1.0,1,0
p1_00657,656,time,simple,MEDIUM_WRONG,UNCLASSIFIED,False,False,False,0.5,1.0,1.0,1,0
p1_00658,657,percentage,simple,BAD_WRONG,UNCLASSIFIED,False,False,False,0.3333333333333333,0.0,1.0,2,0
p1_00659,658,time,simple,BAD_WRONG,UNCLASSIFIED,False,False,False,0.0,0.0,1.0,6,1
p1_00660,659,monetary,simple,MEDIUM_WRONG,CE,False,False,False,0.75,0.0,1.0,1,1
p1_00661,660,monetary,simple,BAD_WRONG,UNCLASSIFIED,False,False,False,0.0,0.3333333333333333,0.75,1,2
p1_00662,661,time,simple,BAD_WRONG,CE,False,False,False,1.0,0.5,1.0,0,1
p1_00663,662,monetary,simple,GOOD,,True,True,False,1.0,1.0,1.0,0,0
p1_00664,663,counting,simple,BAD_WRONG,NR,False,False,False,0.0,0.0,1.0,2,0
p1_00665,664,monetary,simple,MEDIUM_CORRECT,UNCLASSIFIED,True,True,False,1.0,0.0,1.0,0,0
p1_00666,665,percentage,simple,BAD_WRONG,UNCLASSIFIED,False,False,False,0.25,0.0,1.0,3,2
p1_00667,666,time,simple,MEDIUM_WRONG,SM,False,False,False,0.0,1.0,1.0,1,0
p1_00668,667,percentage,simple,GOOD,,True,True,False,1.0,1.0,1.0,0,0
p1_00669,668,time,simple,BAD_WRONG,UNCLASSIFIED,False,False,False,0.4,0.6666666666666666,1.0,3,1
p1_00670,669,time,simple,BAD_WRONG,UNCLASSIFIED,False,False,False,0.5,1.0,1.0,2,0
p1_00671,670,monetary,simple,GOOD,,True,True,False,1.0,1.0,1.0,0,0
p1_00672,671,monetary,simple,BAD_WRONG,UNCLASSIFIED,False,False,False,0.5,1.0,0.75,2,0
p1_00673,672,monetary,medium,BAD_WRONG,CE,False,False,False,0.6666666666666666,0.5,1.0,2,1
p1_00674,673,monetary,simple,BAD_WRONG,UNCLASSIFIED,False,False,False,0.6,1.0,0.6666666666666666,2,0
p1_00675,674,monetary,simple,MEDIUM_WRONG,UNCLASSIFIED,False,False,False,1.0,1.0,1.0,0,0
p1_00676,675,percentage,simple,BAD_WRONG,CE,False,False,False,0.4,0.6666666666666666,1.0,3,1
p1_00677,676,time,simple,BAD_WRONG,UNCLASSIFIED,False,False,False,0.0,0.0,0.0,1,1
p1_00678,677,percentage,simple,GOOD,,True,True,False,1.0,1.0,1.0,0,0
p1_00679,678,counting,simple,BAD_WRONG,CE,False,False,False,0.6666666666666666,0.0,1.0,1,1
p1_00680,679,counting,simple,MEDIUM_CORRECT,CE,True,True,False,1.0,0.75,1.0,0,1
p1_00681,680,time,simple,BAD_WRONG,SM,False,False,False,0.0,1.0,1.0,4,0
p1_00682,681,time,simple,GOOD,,True,True,False,1.0,1.0,1.0,0,0
p1_00683,682,monetary,simple,BAD_WRONG,UNCLASSIFIED,False,False,False,1.0,1.0,0.6666666666666666,0,0
p1_00684,683,rate,simple,GOOD,,True,True,False,1.0,1.0,1.0,0,0
p1_00685,684,time,simple,MEDIUM_WRONG,SM,False,False,False,0.0,0.5,1.0,1,1
p1_00686,685,time,simple,GOOD,,True,True,False,1.0,1.0,1.0,0,0
p1_00687,686,monetary,simple,BAD_WRONG,UNCLASSIFIED,False,False,False,0.25,1.0,1.0,3,0
p1_00688,687,counting,simple,BAD_WRONG,UNCLASSIFIED,False,False,False,0.3333333333333333,1.0,1.0,2,0
p1_00689,688,time,simple,BAD_WRONG,UNCLASSIFIED,False,True,True,0.3333333333333333,1.0,1.0,2,0
p1_00690,689,monetary,simple,BAD_WRONG,UNCLASSIFIED,False,False,False,0.6,1.0,1.0,2,0
p1_00691,690,monetary,simple,BAD_WRONG,CE,False,False,False,0.6666666666666666,0.0,1.0,1,0
p1_00692,691,time,simple,GOOD,,True,True,False,1.0,1.0,1.0,0,0
p1_00693,692,monetary,simple,MEDIUM_WRONG,CE,False,False,False,0.75,0.75,1.0,1,1
p1_00694,693,time,simple,BAD_WRONG,CE,False,False,False,1.0,0.0,1.0,0,0
p1_00695,694,counting,simple,BAD_WRONG,UNCLASSIFIED,False,False,False,0.3333333333333333,0.6666666666666666,1.0,4,1
p1_00696,695,time,simple,GOOD,,True,True,False,1.0,1.0,1.0,0,0
p1_00697,696,monetary,simple,GOOD,,True,True,False,1.0,1.0,1.0,0,0
p1_00698,697,time,simple,BAD_WRONG,UNCLASSIFIED,False,False,False,0.5,1.0,1.0,2,0
p1_00699,698,monetary,simple,BAD_WRONG,UNCLASSIFIED,False,False,False,0.3333333333333333,1.0,1.0,2,0
p1_00700,699,time,simple,BAD_WRONG,NR,False,False,False,0.0,0.0,0.625,3,0
p1_00701,700,monetary,simple,BAD_WRONG,UNCLASSIFIED,False,False,False,0.3333333333333333,0.0,1.0,2,0
p1_00702,701,counting,simple,BAD_WRONG,UNCLASSIFIED,False,False,False,0.0,0.0,1.0,4,1
p1_00703,702,time,simple,GOOD,,True,True,False,1.0,1.0,1.0,0,0
p1_00704,703,time,simple,MEDIUM_CORRECT,CE,True,True,False,1.0,0.0,1.0,0,0
p1_00705,704,time,simple,BAD_WRONG,UNCLASSIFIED,False,False,False,0.3333333333333333,1.0,1.0,2,0
p1_00706,705,monetary,simple,BAD_WRONG,UNCLASSIFIED,False,True,True,0.8333333333333334,1.0,0.75,1,0
p1_00707,706,monetary,simple,MEDIUM_WRONG,SM,False,False,False,0.0,0.5,1.0,0,1
p1_00708,707,monetary,simple,BAD_WRONG,NR,False,False,False,0.0,0.0,0.5,3,0
p1_00709,708,percentage,simple,BAD_WRONG,NR,False,False,False,0.0,0.0,1.0,2,0
p1_00710,709,time,simple,BAD_WRONG,UNCLASSIFIED,False,False,False,0.0,0.0,1.0,2,1
p1_00711,710,percentage,simple,GOOD,,True,True,False,1.0,1.0,1.0,0,0
p1_00712,711,time,simple,BAD_WRONG,NR,False,False,False,0.0,0.0,1.0,0,0
p1_00713,712,rate,simple,BAD_WRONG,SM,False,False,False,0.0,0.5,1.0,3,1
p1_00714,713,time,simple,BAD_WRONG,UNCLASSIFIED,False,True,True,0.0,1.0,1.0,2,0
p1_00715,714,counting,simple,BAD_WRONG,UNCLASSIFIED,False,True,True,0.3333333333333333,1.0,1.0,2,0
p1_00716,715,counting,simple,MEDIUM_WRONG,UNCLASSIFIED,False,False,False,0.75,1.0,1.0,1,0
p1_00717,716,time,simple,BAD_WRONG,UNCLASSIFIED,False,False,False,0.0,0.6666666666666666,0.0,3,1
p1_00718,717,percentage,simple,BAD_WRONG,UNCLASSIFIED,False,False,False,0.0,1.0,0.25,4,0
p1_00719,718,counting,simple,BAD_WRONG,UNCLASSIFIED,False,False,False,0.5,1.0,0.5,2,0
p1_00720,719,time,simple,BAD_WRONG,SM,False,False,False,0.0,1.0,1.0,5,0
p1_00721,720,monetary,simple,BAD_WRONG,CE,False,False,False,0.6666666666666666,0.6666666666666666,0.8571428571428571,2,1
p1_00722,721,time,simple,MEDIUM_CORRECT,UNCLASSIFIED,True,True,False,1.0,0.0,1.0,0,1
p1_00723,722,time,simple,BAD_WRONG,CE,False,False,False,0.4,0.5,0.6666666666666666,3,1
p1_00724,723,percentage,simple,BAD_WRONG,UNCLASSIFIED,False,False,False,0.5,1.0,1.0,2,0
p1_00725,724,percentage,simple,BAD_WRONG,UNCLASSIFIED,False,False,False,1.0,1.0,1.0,0,0
p1_00726,725,time,simple,GOOD,,True,True,False,1.0,1.0,1.0,0,0
p1_00727,726,rate,simple,BAD_WRONG,UNCLASSIFIED,False,False,False,0.0,0.3333333333333333,1.0,5,2
p1_00728,727,percentage,simple,BAD_WRONG,SM,False,False,False,0.0,1.0,0.5,4,0
p1_00729,728,monetary,simple,BAD_WRONG,UNCLASSIFIED,False,False,False,0.0,1.0,1.0,2,0
p1_00730,729,rate,simple,MEDIUM_WRONG,UNCLASSIFIED,False,False,False,1.0,1.0,1.0,0,0
p1_00731,730,time,simple,BAD_WRONG,SM,False,False,False,0.0,1.0,1.0,3,0
p1_00732,731,monetary,simple,BAD_WRONG,NR,False,False,False,0.0,0.0,1.0,2,0
p1_00733,732,percentage,simple,MEDIUM_WRONG,UNCLASSIFIED,False,False,False,0.5,1.0,1.0,1,0
p1_00734,733,time,simple,MEDIUM_WRONG,UNCLASSIFIED,False,False,False,0.6666666666666666,1.0,1.0,1,0
p1_00735,734,rate,simple,MEDIUM_CORRECT,CE,True,True,False,1.0,0.0,1.0,0,0
p1_00736,735,counting,simple,BAD_WRONG,NR,False,False,False,0.0,0.0,0.0,1,0
p1_00737,736,counting,simple,BAD_WRONG,NR,False,False,False,0.0,0.0,0.6666666666666666,2,0
p1_00738,737,time,simple,BAD_WRONG,SM,False,False,False,0.0,1.0,1.0,4,0
p1_00739,738,counting,simple,MEDIUM_WRONG,UNCLASSIFIED,False,False,False,0.5,1.0,1.0,1,0
p1_00740,739,counting,simple,BAD_WRONG,ST,False,False,False,0.25,1.0,0.5,3,0
p1_00741,740,monetary,simple,BAD_WRONG,CE,False,False,False,0.5,0.0,1.0,3,1
p1_00742,741,time,simple,BAD_WRONG,UNCLASSIFIED,False,False,False,0.2857142857142857,0.6666666666666666,1.0,5,1
p1_00743,742,time,simple,MEDIUM_CORRECT,CE,True,True,False,1.0,0.0,1.0,0,2
p1_00744,743,monetary,simple,GOOD,,True,True,False,1.0,1.0,1.0,0,0
p1_00745,744,time,simple,BAD_WRONG,UNCLASSIFIED,False,False,False,0.3333333333333333,1.0,0.5,2,0
p1_00746,745,time,simple,BAD_WRONG,UNCLASSIFIED,False,False,False,0.5,1.0,1.0,1,0
p1_00747,746,monetary,simple,MEDIUM_CORRECT,UNCLASSIFIED,True,True,False,0.3333333333333333,1.0,1.0,2,0
p1_00748,747,time,simple,BAD_WRONG,UNCLASSIFIED,False,False,False,0.3333333333333333,0.5,0.6666666666666666,2,1
p1_00749,748,time,simple,BAD_WRONG,UNCLASSIFIED,False,True,True,0.0,1.0,0.25,4,0
p1_00750,749,counting,simple,BAD_WRONG,UNCLASSIFIED,False,False,False,0.0,0.0,1.0,5,4
p1_00751,750,time,simple,BAD_WRONG,SM,False,False,False,0.0,1.0,1.0,2,0
p1_00752,751,time,simple,BAD_WRONG,CE,False,False,False,0.8,0.0,1.0,1,0
p1_00753,752,counting,simple,BAD_WRONG,UNCLASSIFIED,False,True,True,0.0,0.0,0.75,3,1
p1_00754,753,time,simple,BAD_WRONG,UNCLASSIFIED,False,False,False,0.25,0.0,1.0,3,1
p1_00755,754,monetary,simple,BAD_WRONG,UNCLASSIFIED,False,False,False,0.0,0.5,1.0,2,1
p1_00756,755,monetary,simple,BAD_WRONG,UNCLASSIFIED,False,False,False,0.6666666666666666,1.0,1.0,1,0
p1_00757,756,counting,simple,MEDIUM_CORRECT,UNCLASSIFIED,True,True,False,1.0,1.0,1.0,0,0
p1_00758,757,percentage,simple,BAD_WRONG,UNCLASSIFIED,False,False,False,0.25,1.0,0.7142857142857143,3,0
p1_00759,758,time,simple,BAD_WRONG,NR,False,False,False,0.0,0.0,0.6666666666666666,2,0
p1_00760,759,monetary,simple,BAD_WRONG,SM,False,False,False,0.14285714285714285,1.0,1.0,6,0
p1_00761,760,time,simple,BAD_WRONG,UNCLASSIFIED,False,True,True,0.3333333333333333,0.0,1.0,2,0
p1_00762,761,counting,simple,MEDIUM_CORRECT,NR,True,True,False,0.25,0.0,1.0,3,0
p1_00763,762,monetary,simple,BAD_WRONG,CE,False,False,False,0.6666666666666666,0.0,0.5,1,0
p1_00764,763,counting,simple,MEDIUM_WRONG,UNCLASSIFIED,False,True,True,0.5,1.0,0.5,1,0
p1_00765,764,rate,simple,BAD_WRONG,CE,False,False,False,0.6666666666666666,0.0,1.0,1,1
p1_00766,765,time,simple,BAD_WRONG,UNCLASSIFIED,False,False,False,0.0,0.0,1.0,3,1
p1_00767,766,percentage,simple,MEDIUM_WRONG,SM,False,False,False,0.0,1.0,1.0,1,0
p1_00768,767,time,simple,MEDIUM_WRONG,UNCLASSIFIED,False,False,False,1.0,1.0,0.6666666666666666,0,0
p1_00769,768,monetary,simple,BAD_WRONG,UNCLASSIFIED,False,True,True,0.5,1.0,1.0,1,0
p1_00770,769,time,simple,BAD_WRONG,CE,False,False,False,0.6666666666666666,0.0,1.0,1,0
p1_00771,770,percentage,simple,GOOD,,True,True,False,1.0,1.0,1.0,0,0
p1_00772,771,rate,simple,GOOD,,True,True,False,1.0,1.0,1.0,0,0
p1_00773,772,monetary,simple,MEDIUM_CORRECT,NR,True,True,False,0.0,0.0,1.0,1,0
p1_00774,773,monetary,simple,GOOD,,True,True,False,1.0,1.0,1.0,0,0
p1_00775,774,time,simple,MEDIUM_CORRECT,UNCLASSIFIED,True,True,False,1.0,1.0,1.0,0,0
p1_00776,775,time,simple,BAD_WRONG,SM,False,False,False,0.0,0.75,1.0,5,1
p1_00777,776,monetary,simple,GOOD,,True,True,False,1.0,1.0,1.0,0,0
p1_00778,777,time,simple,MEDIUM_CORRECT,CE,True,True,False,1.0,0.6,1.0,0,2
p1_00779,778,time,simple,MEDIUM_CORRECT,CE,True,True,False,0.6666666666666666,0.0,1.0,1,1
p1_00780,779,monetary,simple,MEDIUM_WRONG,UNCLASSIFIED,False,True,True,0.5,1.0,1.0,1,0
p1_00781,780,counting,simple,GOOD,,True,True,False,1.0,1.0,1.0,0,0
p1_00782,781,time,simple,BAD_WRONG,UNCLASSIFIED,False,False,False,0.25,0.0,1.0,3,1
p1_00783,782,percentage,simple,BAD_WRONG,SM,False,False,False,0.0,1.0,0.6,3,0
p1_00784,783,monetary,simple,MEDIUM_CORRECT,UNCLASSIFIED,True,True,False,0.8333333333333334,1.0,0.8,1,0
p1_00785,784,time,simple,GOOD,,True,True,False,1.0,1.0,1.0,0,0
p1_00786,785,monetary,simple,BAD_WRONG,SM,False,False,False,0.0,1.0,0.6666666666666666,2,0
p1_00787,786,time,simple,BAD_WRONG,NR,False,False,False,0.0,0.0,1.0,1,0
p1_00788,787,time,simple,BAD_WRONG,UNCLASSIFIED,False,False,False,0.3333333333333333,0.0,1.0,2,0
p1_00789,788,percentage,simple,BAD_WRONG,UNCLASSIFIED,False,False,False,0.0,0.0,0.6666666666666666,2,1
p1_00790,789,time,simple,BAD_WRONG,SM,False,False,False,0.2,0.5,0.8,4,2
p1_00791,790,percentage,simple,MEDIUM_WRONG,SM,False,False,False,0.0,0.6666666666666666,1.0,0,1
p1_00792,791,monetary,simple,BAD_WRONG,UNCLASSIFIED,False,False,False,0.3333333333333333,0.6666666666666666,1.0,2,1
p1_00793,792,rate,simple,MEDIUM_WRONG,CE,False,False,False,0.75,0.0,1.0,1,1
p1_00794,793,counting,simple,BAD_WRONG,CE,False,False,False,0.5,0.0,1.0,1,0
p1_00795,794,rate,simple,BAD_WRONG,CE,False,True,True,0.6666666666666666,0.5,1.0,1,1
p1_00796,795,time,simple,MEDIUM_CORRECT,CE,True,True,False,1.0,0.0,0.75,0,0
p1_00797,796,time,simple,BAD_WRONG,NR,False,False,False,0.0,0.0,1.0,3,0
p1_00798,797,monetary,simple,MEDIUM_WRONG,UNCLASSIFIED,False,False,False,0.5,1.0,0.5,1,0
p1_00799,798,rate,simple,BAD_WRONG,UNCLASSIFIED,False,False,False,0.0,1.0,1.0,3,0
p1_00800,799,monetary,simple,GOOD,,True,True,False,1.0,1.0,1.0,0,0
p1_00801,800,time,simple,MEDIUM_CORRECT,CE,True,True,False,1.0,0.0,0.5,0,0
p1_00802,801,time,simple,BAD_WRONG,NR,False,False,False,0.0,0.0,1.0,2,0
p1_00803,802,time,simple,BAD_WRONG,SM,False,False,False,0.0,1.0,1.0,2,0
p1_00804,803,counting,simple,GOOD,,True,True,False,1.0,1.0,1.0,0,0
p1_00805,804,percentage,simple,BAD_WRONG,SM,False,False,False,0.2,1.0,1.0,4,0
p1_00806,805,monetary,simple,BAD_WRONG,CE,False,False,False,1.0,0.0,1.0,0,0
p1_00807,806,time,simple,BAD_WRONG,UNCLASSIFIED,False,False,False,0.25,1.0,1.0,3,0
p1_00808,807,monetary,simple,BAD_WRONG,CE,False,True,True,0.4,0.5,1.0,3,2
p1_00809,808,monetary,simple,BAD_WRONG,UNCLASSIFIED,False,False,False,0.0,0.0,0.6666666666666666,2,1
p1_00810,809,time,simple,BAD_WRONG,SM,False,False,False,0.0,0.5,1.0,3,1
p1_00811,810,monetary,simple,BAD_WRONG,UNCLASSIFIED,False,False,False,0.0,0.0,1.0,3,1
p1_00812,811,time,simple,BAD_WRONG,NR,False,False,False,0.2,0.0,0.6666666666666666,4,0
p1_00813,812,monetary,simple,GOOD,,True,True,False,1.0,1.0,1.0,0,0
p1_00814,813,monetary,simple,GOOD,,True,True,False,1.0,1.0,1.0,0,0
p1_00815,814,time,simple,BAD_WRONG,CE,False,False,False,0.5,0.0,1.0,2,0
p1_00816,815,monetary,simple,GOOD,,True,True,False,1.0,1.0,1.0,0,0
p1_00817,816,counting,simple,BAD_WRONG,CE,False,False,False,0.5,0.6666666666666666,1.0,2,2
p1_00818,817,percentage,simple,BAD_WRONG,UNCLASSIFIED,False,False,False,0.42857142857142855,1.0,1.0,4,0
p1_00819,818,monetary,simple,BAD_WRONG,CE,False,False,False,0.5,0.0,0.6666666666666666,1,0
p1_00820,819,time,simple,BAD_WRONG,UNCLASSIFIED,False,False,False,0.3333333333333333,1.0,0.6666666666666666,2,0
p1_00821,820,time,simple,BAD_WRONG,SM,False,False,False,0.0,1.0,1.0,2,0
p1_00822,821,percentage,simple,MEDIUM_CORRECT,UNCLASSIFIED,True,True,False,1.0,1.0,1.0,0,0
p1_00823,822,time,simple,BAD_WRONG,UNCLASSIFIED,False,False,False,0.0,1.0,1.0,2,0
p1_00824,823,counting,simple,BAD_WRONG,SM,False,False,False,0.0,1.0,1.0,3,0
p1_00825,824,percentage,simple,BAD_WRONG,NR,False,False,False,0.0,0.0,0.3333333333333333,5,0
p1_00826,825,rate,simple,BAD_WRONG,UNCLASSIFIED,False,False,False,0.25,1.0,1.0,3,0
p1_00827,826,counting,simple,GOOD,,True,True,False,1.0,1.0,1.0,0,0
p1_00828,827,time,simple,MEDIUM_CORRECT,UNCLASSIFIED,True,True,False,1.0,1.0,1.0,0,0
p1_00829,828,monetary,simple,BAD_WRONG,UNCLASSIFIED,False,False,False,0.5,1.0,1.0,2,0
p1_00830,829,monetary,simple,BAD_WRONG,NR,False,False,False,0.0,0.0,0.5,2,0
p1_00831,830,counting,simple,MEDIUM_CORRECT,UNCLASSIFIED,True,True,False,0.5,1.0,1.0,1,0
p1_00832,831,counting,simple,BAD_WRONG,CE,False,False,False,0.5,0.0,1.0,1,0
p1_00833,832,percentage,simple,BAD_WRONG,UNCLASSIFIED,False,False,False,1.0,1.0,1.0,0,0
p1_00834,833,time,simple,BAD_WRONG,UNCLASSIFIED,False,False,False,0.5714285714285714,1.0,0.6666666666666666,3,0
p1_00835,834,time,simple,BAD_WRONG,CE,False,False,False,0.5,0.0,0.0,3,1
p1_00836,835,counting,simple,BAD_WRONG,UNCLASSIFIED,False,False,False,0.0,0.0,0.6666666666666666,3,2
p1_00837,836,monetary,simple,MEDIUM_CORRECT,UNCLASSIFIED,True,True,False,0.5,1.0,1.0,1,0
p1_00838,837,time,simple,BAD_WRONG,UNCLASSIFIED,False,False,False,0.3333333333333333,1.0,1.0,2,0
p1_00839,838,monetary,simple,BAD_WRONG,UNCLASSIFIED,False,False,False,0.0,0.0,0.6666666666666666,3,1
p1_00840,839,counting,simple,BAD_WRONG,UNCLASSIFIED,False,False,False,1.0,1.0,1.0,0,0
p1_00841,840,monetary,simple,BAD_WRONG,SM,False,False,False,0.0,1.0,1.0,2,0
p1_00842,841,time,simple,BAD_WRONG,NR,False,False,False,0.0,0.0,1.0,3,0
p1_00843,842,time,simple,BAD_WRONG,UNCLASSIFIED,False,True,True,1.0,1.0,1.0,0,0
p1_00844,843,time,simple,BAD_WRONG,UNCLASSIFIED,False,False,False,0.3333333333333333,1.0,1.0,2,0
p1_00845,844,time,simple,BAD_WRONG,CE,False,False,False,1.0,0.0,1.0,0,0
p1_00846,845,time,simple,BAD_WRONG,UNCLASSIFIED,False,False,False,0.6666666666666666,1.0,1.0,1,0
p1_00847,846,time,simple,BAD_WRONG,SM,False,False,False,0.0,1.0,0.6666666666666666,2,0
p1_00848,847,time,simple,MEDIUM_WRONG,UNCLASSIFIED,False,False,False,0.5,1.0,1.0,1,0
p1_00849,848,monetary,simple,MEDIUM_CORRECT,UNCLASSIFIED,True,True,False,1.0,1.0,1.0,0,0
p1_00850,849,time,simple,BAD_WRONG,CE,False,False,False,0.5,0.0,1.0,1,0
p1_00851,850,time,simple,BAD_WRONG,UNCLASSIFIED,False,False,False,0.3333333333333333,1.0,0.5,2,0
p1_00852,851,percentage,simple,BAD_WRONG,NR,False,False,False,0.0,0.0,1.0,1,0
p1_00853,852,time,simple,MEDIUM_CORRECT,CE,True,True,False,1.0,0.0,1.0,0,0
p1_00854,853,percentage,simple,BAD_WRONG,NR,False,False,False,0.0,0.0,0.5,4,0
p1_00855,854,rate,simple,GOOD,,True,True,False,1.0,1.0,1.0,0,0
p1_00856,855,counting,simple,BAD_WRONG,UNCLASSIFIED,False,False,False,0.5,1.0,1.0,2,0
p1_00857,856,time,simple,MEDIUM_WRONG,SM,False,False,False,0.0,1.0,1.0,1,0
p1_00858,857,monetary,simple,GOOD,,True,True,False,1.0,1.0,1.0,0,0
p1_00859,858,time,simple,GOOD,,True,True,False,1.0,1.0,1.0,0,0
p1_00860,859,time,simple,GOOD,,True,True,False,1.0,1.0,1.0,0,0
p1_00861,860,counting,simple,BAD_WRONG,UNCLASSIFIED,False,False,False,0.6,1.0,0.5,2,0
p1_00862,861,percentage,simple,BAD_WRONG,NR,False,False,False,0.0,0.0,1.0,3,0
p1_00863,862,rate,simple,MEDIUM_WRONG,CE,False,True,True,0.5,0.5,1.0,1,1
p1_00864,863,monetary,simple,BAD_WRONG,SM,False,False,False,0.0,1.0,1.0,2,0
p1_00865,864,counting,simple,BAD_WRONG,CE,False,False,False,0.6666666666666666,0.0,1.0,1,0
p1_00866,865,monetary,simple,BAD_WRONG,UNCLASSIFIED,False,False,False,0.0,0.0,1.0,2,1
p1_00867,866,rate,simple,MEDIUM_WRONG,UNCLASSIFIED,False,False,False,1.0,1.0,1.0,0,0
p1_00868,867,percentage,simple,BAD_WRONG,UNCLASSIFIED,False,False,False,0.5,1.0,0.8571428571428571,2,0
p1_00869,868,monetary,simple,BAD_WRONG,UNCLASSIFIED,False,False,False,0.0,1.0,1.0,4,0
p1_00870,869,counting,simple,MEDIUM_CORRECT,UNCLASSIFIED,True,True,False,0.5,1.0,1.0,1,0
p1_00871,870,percentage,simple,BAD_WRONG,CE,False,False,False,0.5,0.0,1.0,1,0
p1_00872,871,percentage,simple,BAD_WRONG,SM,False,False,False,0.0,0.6666666666666666,0.6666666666666666,4,1
p1_00873,872,rate,simple,GOOD,,True,True,False,1.0,1.0,0.75,0,0
p1_00874,873,rate,simple,MEDIUM_WRONG,CE,False,False,False,0.5,0.8333333333333334,1.0,1,1
p1_00875,874,time,simple,BAD_WRONG,CE,False,False,False,0.5,0.0,0.6666666666666666,2,0
p1_00876,875,monetary,simple,BAD_WRONG,CE,False,False,False,0.5,0.0,1.0,1,0
p1_00877,876,rate,simple,BAD_WRONG,UNCLASSIFIED,False,False,False,0.0,1.0,1.0,2,0
p1_00878,877,time,simple,BAD_WRONG,CE,False,False,False,0.6666666666666666,0.0,1.0,1,2
p1_00879,878,time,simple,BAD_WRONG,UNCLASSIFIED,False,False,False,0.3333333333333333,1.0,1.0,2,0
p1_00880,879,monetary,simple,BAD_WRONG,CE,False,False,False,0.5,0.0,1.0,1,0
p1_00881,880,rate,simple,MEDIUM_WRONG,CE,False,False,False,1.0,0.6666666666666666,1.0,0,1
p1_00882,881,monetary,simple,BAD_WRONG,UNCLASSIFIED,False,False,False,0.5,1.0,1.0,2,0
p1_00883,882,rate,simple,BAD_WRONG,UNCLASSIFIED,False,False,False,1.0,1.0,1.0,0,0
p1_00884,883,counting,simple,BAD_WRONG,UNCLASSIFIED,False,False,False,0.0,1.0,0.6666666666666666,2,0
p1_00885,884,time,simple,BAD_WRONG,SM,False,False,False,0.2,1.0,1.0,4,0
p1_00886,885,time,simple,BAD_WRONG,UNCLASSIFIED,False,False,False,0.0,1.0,0.5,4,0
p1_00887,886,time,simple,BAD_WRONG,UNCLASSIFIED,False,False,False,0.3333333333333333,0.0,1.0,2,2
p1_00888,887,time,simple,BAD_WRONG,UNCLASSIFIED,False,True,True,0.0,0.0,1.0,2,1
p1_00889,888,monetary,simple,BAD_WRONG,CE,False,False,False,0.5,0.3333333333333333,1.0,2,2
p1_00890,889,monetary,simple,BAD_WRONG,UNCLASSIFIED,False,False,False,0.0,0.0,0.6666666666666666,2,2
p1_00891,890,monetary,simple,BAD_WRONG,UNCLASSIFIED,False,False,False,0.0,0.0,1.0,3,1
p1_00892,891,percentage,simple,BAD_WRONG,NR,False,False,False,0.0,0.0,1.0,3,0
p1_00893,892,monetary,simple,BAD_WRONG,SM,False,False,False,0.0,0.6666666666666666,1.0,3,1
p1_00894,893,percentage,simple,GOOD,,True,True,False,1.0,1.0,1.0,0,0
p1_00895,894,time,simple,BAD_WRONG,UNCLASSIFIED,False,False,False,0.3333333333333333,1.0,1.0,2,0
p1_00896,895,counting,simple,BAD_WRONG,UNCLASSIFIED,False,False,False,0.0,0.0,0.6666666666666666,2,1
p1_00897,896,time,simple,BAD_WRONG,UNCLASSIFIED,False,True,True,1.0,1.0,1.0,0,0
p1_00898,897,percentage,simple,MEDIUM_CORRECT,CE,True,True,False,0.5,0.0,1.0,2,1
p1_00899,898,time,simple,BAD_WRONG,UNCLASSIFIED,False,False,False,0.0,0.0,0.75,3,2
p1_00900,899,rate,simple,MEDIUM_WRONG,UNCLASSIFIED,False,False,False,1.0,1.0,1.0,0,0
p1_00901,900,percentage,simple,BAD_WRONG,SM,False,False,False,0.0,1.0,0.6,2,0
p1_00902,901,monetary,simple,BAD_WRONG,SM,False,False,False,0.0,0.5,1.0,3,1
p1_00903,902,time,simple,GOOD,,True,True,False,1.0,1.0,1.0,0,0
p1_00904,903,monetary,simple,MEDIUM_CORRECT,UNCLASSIFIED,True,True,False,1.0,1.0,1.0,0,0
p1_00905,904,rate,simple,BAD_WRONG,CE,False,False,False,0.5,0.0,1.0,1,1
p1_00906,905,counting,simple,BAD_WRONG,UNCLASSIFIED,False,False,False,0.0,0.0,1.0,0,4
p1_00907,906,time,simple,BAD_WRONG,SM,False,False,False,0.0,1.0,1.0,3,0
p1_00908,907,time,simple,BAD_WRONG,SM,False,False,False,0.0,0.6666666666666666,1.0,2,1
p1_00909,908,time,simple,BAD_WRONG,UNCLASSIFIED,False,False,False,0.3333333333333333,0.0,1.0,2,1
p1_00910,909,rate,simple,BAD_WRONG,UNCLASSIFIED,False,False,False,0.3333333333333333,0.0,0.6666666666666666,2,0
p1_00911,910,monetary,simple,BAD_WRONG,UNCLASSIFIED,False,False,False,0.3333333333333333,1.0,1.0,2,0
p1_00912,911,percentage,simple,GOOD,,True,True,False,1.0,1.0,1.0,0,0
p1_00913,912,monetary,simple,MEDIUM_WRONG,UNCLASSIFIED,False,False,False,0.5,1.0,1.0,1,0
p1_00914,913,percentage,simple,MEDIUM_CORRECT,UNCLASSIFIED,True,True,False,0.5,1.0,0.6,1,0
p1_00915,914,rate,simple,BAD_WRONG,NR,False,False,False,0.2,0.0,1.0,4,0
p1_00916,915,time,simple,MEDIUM_CORRECT,UNCLASSIFIED,True,True,False,0.75,1.0,1.0,1,0
p1_00917,916,rate,simple,BAD_WRONG,SM,False,False,False,0.0,0.5,1.0,4,1
p1_00918,917,time,simple,BAD_WRONG,SM,False,False,False,0.0,1.0,1.0,5,0
p1_00919,918,rate,simple,BAD_WRONG,UNCLASSIFIED,False,True,True,0.2,1.0,1.0,4,0
p1_00920,919,time,simple,BAD_WRONG,UNCLASSIFIED,False,False,False,0.5,1.0,1.0,2,0
p1_00921,920,time,simple,BAD_WRONG,UNCLASSIFIED,False,False,False,0.3333333333333333,1.0,1.0,2,0
p1_00922,921,percentage,simple,BAD_WRONG,NR,False,False,False,0.0,0.0,0.75,3,0
p1_00923,922,counting,simple,BAD_WRONG,NR,False,False,False,0.0,0.0,1.0,2,0
p1_00924,923,monetary,simple,BAD_WRONG,SM,False,False,False,0.0,1.0,1.0,2,0
p1_00925,924,counting,simple,BAD_WRONG,UNCLASSIFIED,False,False,False,0.16666666666666666,0.25,1.0,5,3
p1_00926,925,percentage,simple,BAD_WRONG,UNCLASSIFIED,False,False,False,0.3333333333333333,1.0,1.0,2,0
p1_00927,926,counting,simple,BAD_WRONG,UNCLASSIFIED,False,False,False,0.4,1.0,1.0,3,0
p1_00928,927,percentage,simple,MEDIUM_WRONG,SM,False,True,True,0.0,0.5,1.0,1,1
p1_00929,928,time,simple,BAD_WRONG,CE,False,False,False,0.6666666666666666,0.0,1.0,1,0
p1_00930,929,percentage,simple,BAD_WRONG,UNCLASSIFIED,False,False,False,0.0,0.3333333333333333,1.0,3,2
p1_00931,930,monetary,simple,BAD_WRONG,UNCLASSIFIED,False,False,False,0.5,1.0,1.0,1,0
p1_00932,931,counting,simple,BAD_WRONG,UNCLASSIFIED,False,False,False,0.3333333333333333,0.0,1.0,2,0
p1_00933,932,time,simple,BAD_WRONG,SM,False,False,False,0.2,0.5,1.0,4,2
p1_00934,933,time,simple,BAD_WRONG,UNCLASSIFIED,False,False,False,0.0,1.0,1.0,2,0
p1_00935,934,time,simple,BAD_WRONG,UNCLASSIFIED,False,False,False,0.0,0.0,0.5,4,2
p1_00936,935,time,simple,BAD_WRONG,UNCLASSIFIED,False,False,False,0.5,1.0,1.0,2,0
p1_00937,936,counting,simple,BAD_WRONG,UNCLASSIFIED,False,True,True,0.0,0.0,1.0,1,1
p1_00938,937,time,simple,BAD_WRONG,UNCLASSIFIED,False,False,False,0.3333333333333333,0.0,0.75,2,0
p1_00939,938,time,simple,BAD_WRONG,NR,False,False,False,0.0,0.0,1.0,2,0
p1_00940,939,percentage,simple,BAD_WRONG,UNCLASSIFIED,False,False,False,0.6,1.0,0.6,2,0
p1_00941,940,counting,simple,BAD_WRONG,UNCLASSIFIED,False,False,False,0.0,1.0,0.0,2,0
p1_00942,941,counting,simple,BAD_WRONG,UNCLASSIFIED,False,False,False,0.3333333333333333,0.6666666666666666,1.0,2,1
p1_00943,942,counting,simple,BAD_WRONG,NR,False,False,False,0.0,0.0,0.5,2,0
p1_00944,943,time,simple,MEDIUM_CORRECT,CE,True,True,False,0.6666666666666666,0.0,1.0,1,1
p1_00945,944,time,simple,BAD_WRONG,CE,False,False,False,0.5,0.5,1.0,1,1
p1_00946,945,time,simple,MEDIUM_CORRECT,CE,True,True,False,0.6666666666666666,0.0,1.0,1,0
p1_00947,946,monetary,simple,GOOD,,True,True,False,1.0,1.0,1.0,0,0
p1_00948,947,time,simple,BAD_WRONG,NR,False,False,False,0.0,0.0,1.0,3,0
p1_00949,948,monetary,simple,BAD_WRONG,UNCLASSIFIED,False,False,False,0.4,1.0,1.0,3,0
p1_00950,949,percentage,simple,BAD_WRONG,SM,False,False,False,0.0,0.6666666666666666,0.5,2,1
p1_00951,950,time,simple,BAD_WRONG,SM,False,False,False,0.0,1.0,0.5,5,0
p1_00952,951,counting,simple,GOOD,,True,True,False,1.0,1.0,1.0,0,0
p1_00953,952,monetary,simple,BAD_WRONG,UNCLASSIFIED,False,False,False,0.4,1.0,1.0,3,0
p1_00954,953,time,simple,MEDIUM_WRONG,UNCLASSIFIED,False,False,False,0.5,1.0,1.0,1,0
p1_00955,954,time,complex,MEDIUM_WRONG,UNCLASSIFIED,False,False,False,0.0,0.0,1.0,1,1
p1_00956,955,rate,simple,BAD_WRONG,SM,False,False,False,0.0,1.0,0.6666666666666666,2,0
p1_00957,956,time,medium,BAD_WRONG,UNCLASSIFIED,False,False,False,0.2,0.0,0.6666666666666666,4,2
p1_00958,957,percentage,simple,BAD_WRONG,UNCLASSIFIED,False,False,False,0.25,0.5,1.0,3,1
p1_00959,958,monetary,simple,MEDIUM_CORRECT,CE,True,True,False,1.0,0.5,1.0,0,1
p1_00960,959,percentage,simple,BAD_WRONG,UNCLASSIFIED,False,False,False,0.0,0.25,1.0,1,3
p1_00961,960,monetary,simple,MEDIUM_WRONG,SM,False,False,False,0.0,1.0,1.0,1,0
p1_00962,961,monetary,simple,BAD_WRONG,UNCLASSIFIED,False,False,False,0.3333333333333333,0.0,1.0,2,1
p1_00963,962,percentage,simple,MEDIUM_WRONG,SM,False,False,False,0.0,1.0,1.0,1,0
p1_00964,963,time,simple,BAD_WRONG,UNCLASSIFIED,False,False,False,0.25,1.0,1.0,3,0
p1_00965,964,percentage,simple,BAD_WRONG,UNCLASSIFIED,False,False,False,0.3333333333333333,0.0,1.0,2,0
p1_00966,965,percentage,simple,BAD_WRONG,UNCLASSIFIED,False,False,False,0.0,1.0,0.6,3,0
p1_00967,966,time,simple,BAD_WRONG,UNCLASSIFIED,False,False,False,0.3333333333333333,1.0,1.0,2,0
p1_00968,967,time,simple,BAD_WRONG,UNCLASSIFIED,False,False,False,0.0,0.0,0.3333333333333333,2,1
p1_00969,968,time,simple,BAD_WRONG,UNCLASSIFIED,False,False,False,0.0,0.0,0.75,1,1
p1_00970,969,time,simple,MEDIUM_WRONG,UNCLASSIFIED,False,False,False,0.5,1.0,1.0,1,0
p1_00971,970,time,simple,MEDIUM_WRONG,UNCLASSIFIED,False,False,False,1.0,1.0,1.0,0,0
p1_00972,971,time,simple,MEDIUM_CORRECT,CE,True,True,False,1.0,0.5,0.75,0,1
p1_00973,972,monetary,simple,BAD_WRONG,UNCLASSIFIED,False,False,False,0.0,0.5,1.0,3,1
p1_00974,973,time,simple,BAD_WRONG,SM,False,False,False,0.0,1.0,0.5,2,0
p1_00975,974,time,simple,BAD_WRONG,CE,False,False,False,0.6666666666666666,0.5,1.0,1,2
p1_00976,975,percentage,simple,BAD_WRONG,UNCLASSIFIED,False,False,False,0.0,1.0,1.0,3,0
p1_00977,976,counting,simple,BAD_WRONG,NR,False,False,False,0.0,0.0,0.0,4,0
p1_00978,977,counting,simple,BAD_WRONG,SM,False,False,False,0.0,1.0,1.0,3,0
p1_00979,978,percentage,simple,MEDIUM_WRONG,UNCLASSIFIED,False,False,False,0.75,1.0,1.0,1,0
p1_00980,979,time,simple,BAD_WRONG,SM,False,False,False,0.0,1.0,1.0,2,0
p1_00981,980,monetary,simple,BAD_WRONG,UNCLASSIFIED,False,False,False,1.0,1.0,1.0,0,0
p1_00982,981,time,simple,BAD_WRONG,UNCLASSIFIED,False,False,False,0.25,0.3333333333333333,0.5,3,2
p1_00983,982,time,simple,BAD_WRONG,UNCLASSIFIED,False,False,False,0.0,1.0,0.0,3,0
p1_00984,983,monetary,simple,BAD_WRONG,UNCLASSIFIED,False,False,False,0.25,0.5,1.0,3,1
p1_00985,984,time,simple,BAD_WRONG,UNCLASSIFIED,False,False,False,0.0,0.5,1.0,5,2
p1_00986,985,monetary,simple,MEDIUM_CORRECT,CE,True,True,False,1.0,0.75,0.75,0,1
p1_00987,986,time,simple,MEDIUM_CORRECT,CE,True,True,False,1.0,0.0,1.0,0,2
p1_00988,987,monetary,simple,BAD_WRONG,UNCLASSIFIED,False,False,False,0.0,1.0,0.6666666666666666,3,0
p1_00989,988,counting,simple,BAD_WRONG,NR,False,False,False,0.0,0.0,1.0,3,0
p1_00990,989,counting,simple,MEDIUM_WRONG,UNCLASSIFIED,False,True,True,0.6666666666666666,1.0,1.0,1,0
p1_00991,990,time,simple,GOOD,,True,True,False,1.0,1.0,1.0,0,0
p1_00992,991,monetary,simple,BAD_WRONG,UNCLASSIFIED,False,False,False,0.25,1.0,1.0,3,0
p1_00993,992,counting,simple,MEDIUM_WRONG,UNCLASSIFIED,False,False,False,0.75,1.0,1.0,1,0
p1_00994,993,time,simple,BAD_WRONG,UNCLASSIFIED,False,False,False,0.5,1.0,1.0,2,0
p1_00995,994,monetary,simple,BAD_WRONG,UNCLASSIFIED,False,False,False,0.3333333333333333,0.0,1.0,2,0
p1_00996,995,monetary,simple,BAD_WRONG,NR,False,False,False,0.0,0.0,1.0,1,0
p1_00997,996,time,simple,BAD_WRONG,SM,False,False,False,0.0,1.0,1.0,4,0
p1_00998,997,time,simple,BAD_WRONG,UNCLASSIFIED,False,False,False,0.25,1.0,1.0,3,0
p1_00999,998,monetary,simple,MEDIUM_WRONG,CE,False,False,False,0.8,0.0,1.0,1,1
p1_01000,999,rate,simple,BAD_WRONG,UNCLASSIFIED,False,False,False,0.25,0.6666666666666666,1.0,6,1
p1_01001,1000,time,simple,BAD_WRONG,UNCLASSIFIED,False,False,False,0.25,0.0,0.6,3,1
p1_01002,1001,time,simple,MEDIUM_WRONG,UNCLASSIFIED,False,True,True,0.6666666666666666,1.0,1.0,1,0
p1_01003,1002,monetary,simple,MEDIUM_WRONG,CE,False,True,True,0.5,0.5,1.0,1,1
p1_01004,1003,percentage,simple,MEDIUM_WRONG,CE,False,False,False,1.0,0.8333333333333334,1.0,0,1
p1_01005,1004,counting,simple,BAD_WRONG,SM,False,False,False,0.16666666666666666,0.5,1.0,5,2
p1_01006,1005,counting,simple,BAD_WRONG,UNCLASSIFIED,False,False,False,0.3333333333333333,1.0,1.0,2,0
p1_01007,1006,percentage,simple,BAD_WRONG,UNCLASSIFIED,False,False,False,0.0,1.0,1.0,2,0
p1_01008,1007,counting,simple,BAD_WRONG,NR,False,False,False,0.0,0.0,1.0,2,0
p1_01009,1008,time,simple,GOOD,,True,True,False,1.0,1.0,1.0,0,0
p1_01010,1009,time,simple,BAD_WRONG,CE,False,False,False,0.4,0.0,1.0,3,1
p1_01011,1010,percentage,simple,MEDIUM_CORRECT,UNCLASSIFIED,True,True,False,0.3333333333333333,1.0,1.0,2,0
p1_01012,1011,percentage,simple,GOOD,,True,True,False,1.0,1.0,1.0,0,0
p1_01013,1012,time,simple,BAD_WRONG,NR,False,False,False,0.0,0.0,0.6666666666666666,3,0
p1_01014,1013,monetary,simple,GOOD,,True,True,False,1.0,1.0,1.0,0,0
p1_01015,1014,time,simple,MEDIUM_WRONG,CE,False,False,False,0.5,0.0,1.0,1,1
p1_01016,1015,time,simple,BAD_WRONG,UNCLASSIFIED,False,False,False,0.0,0.0,0.6666666666666666,1,1
p1_01017,1016,monetary,simple,BAD_WRONG,SM,False,False,False,0.0,1.0,0.5,4,0
p1_01018,1017,rate,simple,GOOD,,True,True,False,1.0,1.0,1.0,0,0
p1_01019,1018,percentage,simple,BAD_WRONG,NR,False,False,False,0.2,0.0,1.0,4,0
p1_01020,1019,time,simple,MEDIUM_WRONG,SM,False,False,False,0.0,1.0,1.0,1,0
p1_01021,1020,monetary,simple,GOOD,,True,True,False,1.0,1.0,1.0,0,0
p1_01022,1021,time,simple,BAD_WRONG,NR,False,False,False,0.0,0.0,1.0,2,0
p1_01023,1022,monetary,simple,MEDIUM_CORRECT,CE,True,True,False,1.0,0.0,1.0,0,0
p1_01024,1023,monetary,simple,BAD_WRONG,UNCLASSIFIED,False,False,False,0.42857142857142855,1.0,1.0,4,0
p1_01025,1024,rate,simple,BAD_WRONG,UNCLASSIFIED,False,False,False,0.0,0.5,1.0,1,1
p1_01026,1025,counting,simple,BAD_WRONG,UNCLASSIFIED,False,False,False,0.3333333333333333,0.0,0.6666666666666666,2,0
p1_01027,1026,time,simple,BAD_WRONG,UNCLASSIFIED,False,False,False,0.4,1.0,1.0,3,0
p1_01028,1027,time,simple,BAD_WRONG,CE,False,False,False,0.5,0.0,1.0,1,1
p1_01029,1028,counting,simple,BAD_WRONG,NR,False,False,False,0.0,0.0,1.0,2,0
p1_01030,1029,rate,simple,GOOD,,True,True,False,1.0,1.0,1.0,0,0
p1_01031,1030,time,simple,BAD_WRONG,SM,False,False,False,0.0,1.0,0.5,2,0
p1_01032,1031,monetary,simple,BAD_WRONG,UNCLASSIFIED,False,False,False,0.0,0.0,0.0,3,2
p1_01033,1032,time,medium,BAD_WRONG,UNCLASSIFIED,False,False,False,0.4,0.0,0.8571428571428571,3,1
p1_01034,1033,time,simple,BAD_WRONG,UNCLASSIFIED,False,False,False,0.0,1.0,1.0,2,0
p1_01035,1034,time,simple,BAD_WRONG,CE,False,False,False,0.6666666666666666,0.0,1.0,1,0
p1_01036,1035,rate,simple,BAD_WRONG,UNCLASSIFIED,False,False,False,0.0,1.0,0.6666666666666666,5,0
p1_01037,1036,time,simple,MEDIUM_WRONG,SM,False,False,False,0.0,1.0,1.0,1,0
p1_01038,1037,time,simple,BAD_WRONG,UNCLASSIFIED,False,False,False,0.3333333333333333,1.0,1.0,2,0
p1_01039,1038,time,simple,BAD_WRONG,UNCLASSIFIED,False,False,False,0.0,1.0,1.0,3,0
p1_01040,1039,monetary,simple,BAD_WRONG,SM,False,False,False,0.0,0.5,1.0,2,1
p1_01041,1040,percentage,simple,BAD_WRONG,UNCLASSIFIED,False,False,False,0.0,0.5,0.75,2,1
p1_01042,1041,monetary,simple,MEDIUM_CORRECT,CE,True,True,False,1.0,0.0,1.0,0,0
p1_01043,1042,counting,simple,BAD_WRONG,CE,False,False,False,0.5,0.0,1.0,1,0
p1_01044,1043,rate,simple,BAD_WRONG,NR,False,False,False,0.0,0.0,1.0,4,0
p1_01045,1044,time,simple,BAD_WRONG,UNCLASSIFIED,False,False,False,0.3333333333333333,0.5,1.0,2,1
p1_01046,1045,counting,simple,BAD_WRONG,UNCLASSIFIED,False,False,False,0.25,0.3333333333333333,1.0,3,2
p1_01047,1046,time,simple,GOOD,,True,True,False,1.0,1.0,0.5,0,0
p1_01048,1047,counting,simple,BAD_WRONG,CE,False,False,False,0.6666666666666666,0.0,1.0,1,0
p1_01049,1048,monetary,simple,GOOD,,True,True,False,1.0,1.0,1.0,0,0
p1_01050,1049,monetary,simple,MEDIUM_CORRECT,CE,True,True,False,1.0,0.0,0.6666666666666666,0,0
p1_01051,1050,monetary,simple,MEDIUM_CORRECT,CE,True,True,False,1.0,0.0,1.0,0,0
p1_01052,1051,monetary,simple,BAD_WRONG,UNCLASSIFIED,False,False,False,0.0,1.0,0.4,4,0
p1_01053,1052,counting,simple,BAD_WRONG,SM,False,False,False,0.0,1.0,1.0,2,0
p1_01054,1053,monetary,simple,BAD_WRONG,UNCLASSIFIED,False,False,False,1.0,1.0,1.0,0,0
p1_01055,1054,monetary,simple,BAD_WRONG,UNCLASSIFIED,False,False,False,0.25,1.0,1.0,3,0
p1_01056,1055,time,simple,BAD_WRONG,UNCLASSIFIED,False,False,False,0.0,1.0,0.5,5,0
p1_01057,1056,rate,simple,BAD_WRONG,UNCLASSIFIED,False,False,False,0.4,1.0,0.8,3,0
p1_01058,1057,counting,simple,BAD_WRONG,NR,False,False,False,0.0,0.0,1.0,2,0
p1_01059,1058,monetary,simple,BAD_WRONG,UNCLASSIFIED,False,False,False,0.0,0.0,0.75,4,1
p1_01060,1059,time,simple,BAD_WRONG,UNCLASSIFIED,False,False,False,0.6,1.0,0.75,2,0
p1_01061,1060,time,simple,BAD_WRONG,UNCLASSIFIED,False,False,False,0.0,1.0,0.6666666666666666,4,0
p1_01062,1061,percentage,simple,BAD_WRONG,SM,False,False,False,0.0,1.0,0.6666666666666666,4,0
p1_01063,1062,counting,simple,BAD_WRONG,NR,False,False,False,0.25,0.0,1.0,3,0
p1_01064,1063,monetary,medium,BAD_WRONG,UNCLASSIFIED,False,False,False,0.5,1.0,0.75,3,0
p1_01065,1064,monetary,simple,BAD_WRONG,UNCLASSIFIED,False,False,False,0.3333333333333333,1.0,1.0,2,0
p1_01066,1065,time,simple,BAD_WRONG,CE,False,False,False,0.6666666666666666,0.0,1.0,1,0
p1_01067,1066,time,simple,BAD_WRONG,UNCLASSIFIED,False,False,False,0.0,1.0,0.0,4,0
p1_01068,1067,rate,simple,MEDIUM_CORRECT,CE,True,True,False,1.0,0.0,1.0,0,0
p1_01069,1068,monetary,simple,BAD_WRONG,UNCLASSIFIED,False,False,False,0.0,1.0,1.0,2,0
p1_01070,1069,monetary,simple,GOOD,,True,True,False,1.0,1.0,1.0,0,0
p1_01071,1070,monetary,simple,BAD_WRONG,UNCLASSIFIED,False,False,False,0.0,0.0,1.0,2,1
p1_01072,1071,monetary,simple,BAD_WRONG,CE,False,False,False,0.6666666666666666,0.0,0.6666666666666666,1,2
p1_01073,1072,monetary,medium,BAD_WRONG,NR,False,False,False,0.0,0.0,0.875,5,0
p1_01074,1073,monetary,simple,BAD_WRONG,UNCLASSIFIED,False,False,False,0.0,1.0,0.6666666666666666,2,0
p1_01075,1074,monetary,simple,BAD_WRONG,UNCLASSIFIED,False,False,False,0.3333333333333333,0.6666666666666666,1.0,2,1
p1_01076,1075,counting,simple,BAD_WRONG,CE,False,False,False,0.375,0.8,1.0,5,1
p1_01077,1076,time,simple,BAD_WRONG,SM,False,False,False,0.0,0.5,1.0,3,1
p1_01078,1077,time,simple,BAD_WRONG,CE,False,False,False,0.6,0.6666666666666666,0.0,2,1
p1_01079,1078,percentage,simple,BAD_WRONG,UNCLASSIFIED,False,False,False,0.3333333333333333,1.0,1.0,2,0
p1_01080,1079,percentage,simple,BAD_WRONG,UNCLASSIFIED,False,True,True,0.0,0.5,1.0,2,1
p1_01081,1080,percentage,simple,MEDIUM_CORRECT,UNCLASSIFIED,True,True,False,0.8,1.0,1.0,1,0
p1_01082,1081,rate,simple,BAD_WRONG,SM,False,False,False,0.2,1.0,0.5,4,0
p1_01083,1082,percentage,simple,BAD_WRONG,UNCLASSIFIED,False,False,False,0.0,1.0,1.0,4,0
p1_01084,1083,counting,simple,MEDIUM_WRONG,UNCLASSIFIED,False,False,False,0.5,1.0,1.0,1,0
p1_01085,1084,rate,simple,BAD_WRONG,NR,False,False,False,0.2,0.0,1.0,4,0
p1_01086,1085,time,simple,BAD_WRONG,UNCLASSIFIED,False,False,False,1.0,1.0,1.0,0,0
p1_01087,1086,time,simple,BAD_WRONG,SM,False,False,False,0.0,0.5,1.0,3,1
p1_01088,1087,percentage,simple,MEDIUM_CORRECT,UNCLASSIFIED,True,True,False,0.3333333333333333,1.0,1.0,2,0
p1_01089,1088,time,simple,GOOD,,True,True,False,1.0,1.0,1.0,0,0
p1_01090,1089,monetary,simple,BAD_WRONG,CE,False,False,False,0.75,0.0,1.0,1,2
p1_01091,1090,time,simple,BAD_WRONG,SM,False,False,False,0.0,1.0,0.75,4,0
p1_01092,1091,monetary,medium,GOOD,,True,True,False,1.0,1.0,1.0,0,0
p1_01093,1092,time,simple,BAD_WRONG,SM,False,False,False,0.0,0.5,0.5,2,1
p1_01094,1093,time,simple,BAD_WRONG,UNCLASSIFIED,False,False,False,0.0,0.0,0.6666666666666666,5,1
p1_01095,1094,time,simple,BAD_WRONG,CE,False,False,False,0.6666666666666666,0.0,1.0,1,1
p1_01096,1095,time,simple,BAD_WRONG,CE,False,False,False,0.6666666666666666,0.0,0.75,1,2
p1_01097,1096,monetary,simple,MEDIUM_CORRECT,CE,True,True,False,0.6666666666666666,0.0,1.0,1,0
p1_01098,1097,time,simple,BAD_WRONG,NR,False,False,False,0.25,0.0,0.25,3,0
p1_01099,1098,percentage,simple,BAD_WRONG,NR,False,False,False,0.0,0.0,1.0,0,0
p1_01100,1099,monetary,simple,GOOD,,True,True,False,1.0,1.0,1.0,0,0
p1_01101,1100,percentage,simple,MEDIUM_CORRECT,CE,True,True,False,1.0,0.0,1.0,0,1
p1_01102,1101,monetary,simple,BAD_WRONG,NR,False,False,False,0.0,0.0,0.5,4,0
p1_01103,1102,time,simple,BAD_WRONG,UNCLASSIFIED,False,False,False,0.5,1.0,1.0,2,0
p1_01104,1103,monetary,simple,BAD_WRONG,UNCLASSIFIED,False,False,False,0.3333333333333333,1.0,1.0,2,0
p1_01105,1104,monetary,simple,BAD_WRONG,UNCLASSIFIED,False,False,False,0.0,0.0,0.3333333333333333,3,2
p1_01106,1105,rate,simple,BAD_WRONG,UNCLASSIFIED,False,False,False,0.5,1.0,1.0,1,0
p1_01107,1106,time,simple,BAD_WRONG,CE,False,False,False,0.6,0.0,0.3333333333333333,2,1
p1_01108,1107,time,simple,BAD_WRONG,UNCLASSIFIED,False,False,False,0.5,1.0,1.0,1,0
p1_01109,1108,time,simple,MEDIUM_CORRECT,UNCLASSIFIED,True,True,False,0.5,1.0,1.0,1,0
p1_01110,1109,time,simple,BAD_WRONG,NR,False,False,False,0.125,0.0,1.0,7,0
p1_01111,1110,time,simple,BAD_WRONG,NR,False,False,False,0.0,0.0,1.0,4,0
p1_01112,1111,counting,simple,BAD_WRONG,CE,False,False,False,0.5,0.0,0.5,1,0
p1_01113,1112,percentage,simple,BAD_WRONG,UNCLASSIFIED,False,False,False,0.0,0.0,0.8,3,1
p1_01114,1113,monetary,simple,MEDIUM_CORRECT,CE,True,True,False,1.0,0.5,0.8,0,1
p1_01115,1114,counting,simple,BAD_WRONG,UNCLASSIFIED,False,False,False,0.25,1.0,1.0,3,0
p1_01116,1115,monetary,simple,MEDIUM_WRONG,UNCLASSIFIED,False,False,False,0.5,1.0,0.8,1,0
p1_01117,1116,counting,simple,GOOD,,True,True,False,1.0,1.0,1.0,0,0
p1_01118,1117,time,simple,BAD_WRONG,UNCLASSIFIED,False,False,False,0.0,0.0,1.0,2,1
p1_01119,1118,time,simple,BAD_WRONG,SM,False,False,False,0.0,0.6,0.75,4,2
p1_01120,1119,monetary,simple,BAD_WRONG,CE,False,False,False,0.5,0.5,1.0,2,1
p1_01121,1120,time,simple,MEDIUM_CORRECT,UNCLASSIFIED,True,True,False,1.0,1.0,1.0,0,0
p1_01122,1121,time,simple,MEDIUM_CORRECT,CE,True,True,False,1.0,0.0,1.0,0,2
p1_01123,1122,monetary,simple,MEDIUM_CORRECT,UNCLASSIFIED,True,True,False,1.0,0.0,1.0,0,1
p1_01124,1123,time,simple,MEDIUM_WRONG,UNCLASSIFIED,False,True,True,0.5,1.0,1.0,1,0
p1_01125,1124,monetary,simple,BAD_WRONG,UNCLASSIFIED,False,False,False,0.3333333333333333,0.0,0.6666666666666666,2,1
p1_01126,1125,time,simple,BAD_WRONG,CE,False,False,False,0.4,0.0,1.0,3,0
p1_01127,1126,rate,simple,BAD_WRONG,UNCLASSIFIED,False,False,False,0.0,0.0,1.0,3,1
p1_01128,1127,monetary,simple,GOOD,,True,True,False,1.0,1.0,1.0,0,0
p1_01129,1128,counting,simple,GOOD,,True,True,False,1.0,1.0,1.0,0,0
p1_01130,1129,monetary,simple,BAD_WRONG,UNCLASSIFIED,False,False,False,0.6,1.0,1.0,2,0
p1_01131,1130,time,simple,BAD_WRONG,UNCLASSIFIED,False,False,False,0.25,0.5,1.0,3,1
p1_01132,1131,percentage,simple,MEDIUM_CORRECT,CE,True,True,False,1.0,0.0,1.0,0,2
p1_01133,1132,monetary,simple,BAD_WRONG,CE,False,False,False,0.5,0.0,0.6666666666666666,1,0
p1_01134,1133,percentage,simple,BAD_WRONG,UNCLASSIFIED,False,False,False,0.0,1.0,0.5,5,0
p1_01135,1134,percentage,simple,GOOD,,True,True,False,1.0,1.0,1.0,0,0
p1_01136,1135,monetary,simple,BAD_WRONG,UNCLASSIFIED,False,False,False,0.5,1.0,1.0,2,0
p1_01137,1136,time,simple,BAD_WRONG,UNCLASSIFIED,False,False,False,0.4,1.0,1.0,3,0
p1_01138,1137,rate,simple,MEDIUM_CORRECT,UNCLASSIFIED,True,True,False,0.5,1.0,1.0,1,0
p1_01139,1138,time,simple,BAD_WRONG,UNCLASSIFIED,False,False,False,0.3333333333333333,0.0,1.0,2,0
p1_01140,1139,rate,simple,GOOD,,True,True,False,1.0,1.0,1.0,0,0
p1_01141,1140,monetary,simple,BAD_WRONG,UNCLASSIFIED,False,False,False,0.3333333333333333,0.5,0.6666666666666666,2,1
p1_01142,1141,percentage,complex,BAD_WRONG,CE,False,False,False,0.4,0.6666666666666666,0.6923076923076923,3,1
p1_01143,1142,monetary,simple,BAD_WRONG,NR,False,False,False,0.0,0.0,0.6666666666666666,2,0
p1_01144,1143,monetary,simple,BAD_WRONG,UNCLASSIFIED,False,False,False,0.0,0.0,1.0,2,1
p1_01145,1144,counting,simple,BAD_WRONG,NR,False,False,False,0.0,0.0,0.0,3,0
p1_01146,1145,monetary,simple,BAD_WRONG,UNCLASSIFIED,False,False,False,0.0,0.0,1.0,2,1
p1_01147,1146,time,simple,BAD_WRONG,NR,False,False,False,0.25,0.0,1.0,3,0
p1_01148,1147,rate,simple,MEDIUM_WRONG,SM,False,True,True,0.0,0.5,1.0,1,1
p1_01149,1148,counting,simple,GOOD,,True,True,False,1.0,1.0,0.5,0,0
p1_01150,1149,time,simple,BAD_WRONG,CE,False,False,False,1.0,0.0,1.0,0,0
p1_01151,1150,monetary,simple,BAD_WRONG,NR,False,False,False,0.0,0.0,1.0,2,0
p1_01152,1151,monetary,simple,MEDIUM_CORRECT,UNCLASSIFIED,True,True,False,1.0,1.0,1.0,0,0
p1_01153,1152,time,simple,BAD_WRONG,UNCLASSIFIED,False,False,False,0.0,0.0,1.0,2,1
p1_01154,1153,time,simple,BAD_WRONG,SM,False,False,False,0.2,1.0,0.75,4,0
p1_01155,1154,percentage,simple,BAD_WRONG,UNCLASSIFIED,False,False,False,0.0,1.0,1.0,5,0
p1_01156,1155,time,simple,BAD_WRONG,CE,False,False,False,0.5,0.0,1.0,1,0
p1_01157,1156,percentage,simple,GOOD,,True,True,False,1.0,1.0,1.0,0,0
p1_01158,1157,monetary,simple,BAD_WRONG,CE,False,False,False,0.6,0.3333333333333333,1.0,2,2
p1_01159,1158,time,simple,MEDIUM_WRONG,CE,False,False,False,0.75,0.6666666666666666,1.0,1,1
p1_01160,1159,monetary,simple,BAD_WRONG,UNCLASSIFIED,False,False,False,0.0,0.3333333333333333,1.0,2,2
p1_01161,1160,rate,simple,GOOD,,True,True,False,1.0,1.0,1.0,0,0
p1_01162,1161,counting,simple,BAD_WRONG,CE,False,False,False,0.6666666666666666,0.0,1.0,1,0
p1_01163,1162,monetary,simple,MEDIUM_WRONG,UNCLASSIFIED,False,False,False,0.5,1.0,1.0,1,0
p1_01164,1163,monetary,simple,MEDIUM_WRONG,CE,False,False,False,0.8,0.5,1.0,1,1
p1_01165,1164,counting,simple,BAD_WRONG,NR,False,False,False,0.0,0.0,1.0,1,0
p1_01166,1165,time,simple,BAD_WRONG,UNCLASSIFIED,False,False,False,0.0,0.3333333333333333,1.0,5,2
p1_01167,1166,time,simple,BAD_WRONG,SM,False,False,False,0.0,1.0,1.0,6,0
p1_01168,1167,time,simple,BAD_WRONG,CE,False,False,False,0.6666666666666666,0.6,1.0,1,2
p1_01169,1168,percentage,simple,BAD_WRONG,UNCLASSIFIED,False,False,False,0.0,0.0,1.0,1,1
p1_01170,1169,percentage,simple,MEDIUM_CORRECT,CE,True,True,False,1.0,0.0,1.0,0,0
p1_01171,1170,monetary,simple,BAD_WRONG,UNCLASSIFIED,False,False,False,0.3333333333333333,0.0,1.0,2,1
p1_01172,1171,monetary,simple,BAD_WRONG,NR,False,False,False,0.0,0.0,0.75,4,0
p1_01173,1172,time,simple,BAD_WRONG,NR,False,False,False,0.0,0.0,0.6666666666666666,2,0
p1_01174,1173,time,simple,BAD_WRONG,NR,False,False,False,0.0,0.0,0.75,2,0
p1_01175,1174,time,simple,BAD_WRONG,UNCLASSIFIED,False,False,False,0.0,1.0,1.0,4,0
p1_01176,1175,monetary,simple,BAD_WRONG,UNCLASSIFIED,False,False,False,0.6666666666666666,1.0,1.0,1,0
p1_01177,1176,monetary,simple,BAD_WRONG,CE,False,False,False,0.6,0.0,1.0,2,0
p1_01178,1177,monetary,simple,GOOD,,True,True,False,1.0,1.0,1.0,0,0
p1_01179,1178,percentage,simple,GOOD,,True,True,False,1.0,1.0,1.0,0,0
p1_01180,1179,percentage,simple,BAD_WRONG,UNCLASSIFIED,False,False,False,0.4,1.0,1.0,3,0
p1_01181,1180,monetary,simple,MEDIUM_WRONG,SM,False,False,False,0.0,1.0,1.0,1,0
p1_01182,1181,monetary,simple,BAD_WRONG,SM,False,False,False,0.0,1.0,1.0,2,0
p1_01183,1182,percentage,simple,MEDIUM_CORRECT,CE,True,True,False,1.0,0.0,1.0,0,1
p1_01184,1183,monetary,simple,BAD_WRONG,SM,False,False,False,0.0,1.0,1.0,2,0
p1_01185,1184,time,simple,BAD_WRONG,UNCLASSIFIED,False,False,False,0.3333333333333333,1.0,1.0,2,0
p1_01186,1185,monetary,simple,MEDIUM_WRONG,UNCLASSIFIED,False,False,False,0.75,1.0,1.0,1,0
p1_01187,1186,time,simple,GOOD,,True,True,False,1.0,1.0,1.0,0,0
p1_01188,1187,time,simple,BAD_WRONG,UNCLASSIFIED,False,False,False,0.3333333333333333,0.3333333333333333,1.0,2,2
p1_01189,1188,time,simple,BAD_WRONG,UNCLASSIFIED,False,False,False,0.25,1.0,1.0,3,0
p1_01190,1189,time,simple,BAD_WRONG,UNCLASSIFIED,False,False,False,0.0,1.0,0.3333333333333333,3,0
p1_01191,1190,counting,simple,GOOD,,True,True,False,1.0,1.0,1.0,0,0
p1_01192,1191,monetary,simple,BAD_WRONG,UNCLASSIFIED,False,False,False,0.3333333333333333,1.0,1.0,2,0
p1_01193,1192,counting,simple,BAD_WRONG,SM,False,False,False,0.0,1.0,1.0,2,0
p1_01194,1193,counting,simple,BAD_WRONG,UNCLASSIFIED,False,False,False,0.5,1.0,0.75,3,0
p1_01195,1194,monetary,simple,BAD_WRONG,UNCLASSIFIED,False,False,False,0.3333333333333333,1.0,0.6666666666666666,2,0
p1_01196,1195,time,simple,MEDIUM_WRONG,CE,False,False,False,0.8,0.0,1.0,1,1
p1_01197,1196,time,simple,GOOD,,True,True,False,1.0,1.0,1.0,0,0
p1_01198,1197,percentage,simple,BAD_WRONG,UNCLASSIFIED,False,False,False,0.0,0.0,0.75,5,3
p1_01199,1198,counting,simple,BAD_WRONG,UNCLASSIFIED,False,False,False,0.5,1.0,1.0,1,0
p1_01200,1199,monetary,simple,BAD_WRONG,UNCLASSIFIED,False,False,False,0.0,0.3333333333333333,1.0,3,2
p1_01201,1200,monetary,simple,BAD_WRONG,NR,False,False,False,0.0,0.0,1.0,2,0
p1_01202,1201,rate,simple,BAD_WRONG,UNCLASSIFIED,False,False,False,0.25,1.0,1.0,3,0
p1_01203,1202,monetary,simple,BAD_WRONG,NR,False,False,False,0.0,0.0,0.75,3,0
p1_01204,1203,time,simple,BAD_WRONG,NR,False,False,False,0.0,0.0,1.0,2,0
p1_01205,1204,percentage,simple,GOOD,,True,True,False,1.0,1.0,0.6,0,0
p1_01206,1205,counting,simple,BAD_WRONG,UNCLASSIFIED,False,False,False,0.6666666666666666,1.0,1.0,1,0
p1_01207,1206,time,simple,BAD_WRONG,UNCLASSIFIED,False,False,False,0.3333333333333333,0.0,1.0,2,0
p1_01208,1207,monetary,simple,BAD_WRONG,UNCLASSIFIED,False,False,False,0.0,1.0,0.5,2,0
p1_01209,1208,counting,simple,BAD_WRONG,UNCLASSIFIED,False,False,False,0.0,0.5,0.75,3,1
p1_01210,1209,time,simple,BAD_WRONG,NR,False,False,False,0.0,0.0,1.0,2,0
p1_01211,1210,rate,simple,BAD_WRONG,UNCLASSIFIED,False,True,True,0.0,0.0,1.0,3,1
p1_01212,1211,monetary,simple,BAD_WRONG,CE,False,False,False,0.6666666666666666,0.0,1.0,1,0
p1_01213,1212,monetary,simple,BAD_WRONG,UNCLASSIFIED,False,False,False,0.25,0.0,1.0,3,1
p1_01214,1213,time,simple,MEDIUM_WRONG,CE,False,False,False,0.5,0.5,1.0,1,1
p1_01215,1214,counting,simple,BAD_WRONG,UNCLASSIFIED,False,False,False,0.0,0.0,1.0,2,2
p1_01216,1215,rate,simple,BAD_WRONG,UNCLASSIFIED,False,False,False,0.3333333333333333,1.0,1.0,4,0
p1_01217,1216,monetary,simple,BAD_WRONG,UNCLASSIFIED,False,False,False,0.0,1.0,1.0,7,0
p1_01218,1217,rate,simple,BAD_WRONG,UNCLASSIFIED,False,False,False,0.0,1.0,0.5,4,0
p1_01219,1218,time,simple,BAD_WRONG,UNCLASSIFIED,False,False,False,0.0,1.0,0.0,2,0
p1_01220,1219,monetary,simple,BAD_WRONG,NR,False,False,False,0.0,0.0,0.0,2,0
p1_01221,1220,time,simple,BAD_WRONG,NR,False,False,False,0.0,0.0,1.0,2,0
p1_01222,1221,time,simple,BAD_WRONG,UNCLASSIFIED,False,False,False,0.0,0.0,1.0,1,1
p1_01223,1222,time,simple,BAD_WRONG,SM,False,False,False,0.0,0.5,1.0,2,1
p1_01224,1223,percentage,simple,BAD_WRONG,UNCLASSIFIED,False,False,False,0.0,0.3333333333333333,0.5,3,2
p1_01225,1224,time,simple,BAD_WRONG,SM,False,False,False,0.0,1.0,1.0,3,0
p1_01226,1225,counting,simple,BAD_WRONG,UNCLASSIFIED,False,False,False,0.5,1.0,1.0,1,0
p1_01227,1226,monetary,medium,BAD_WRONG,UNCLASSIFIED,False,False,False,0.2,1.0,1.0,4,0
p1_01228,1227,percentage,simple,MEDIUM_CORRECT,UNCLASSIFIED,True,True,False,0.3333333333333333,0.3333333333333333,1.0,2,2
p1_01229,1228,rate,simple,BAD_WRONG,UNCLASSIFIED,False,False,False,0.25,0.5,1.0,3,1
p1_01230,1229,rate,simple,BAD_WRONG,UNCLASSIFIED,False,False,False,0.3333333333333333,1.0,0.5,4,0
p1_01231,1230,time,simple,BAD_WRONG,CE,False,False,False,0.625,0.0,0.6666666666666666,3,0
p1_01232,1231,time,simple,BAD_WRONG,UNCLASSIFIED,False,False,False,0.0,0.0,0.6666666666666666,3,2
p1_01233,1232,monetary,simple,BAD_WRONG,SM,False,False,False,0.0,1.0,1.0,2,0
p1_01234,1233,time,simple,BAD_WRONG,NR,False,False,False,0.0,0.0,1.0,1,0
p1_01235,1234,rate,simple,MEDIUM_CORRECT,UNCLASSIFIED,True,True,False,1.0,1.0,1.0,0,0
p1_01236,1235,monetary,simple,MEDIUM_WRONG,UNCLASSIFIED,False,False,False,0.8,1.0,1.0,1,0
p1_01237,1236,time,simple,BAD_WRONG,CE,False,False,False,0.5,0.0,1.0,3,0
p1_01238,1237,rate,simple,BAD_WRONG,SM,False,False,False,0.0,1.0,0.6666666666666666,2,0
p1_01239,1238,time,simple,MEDIUM_CORRECT,UNCLASSIFIED,True,True,False,0.5,1.0,1.0,1,0
p1_01240,1239,time,simple,MEDIUM_WRONG,CE,False,False,False,0.6666666666666666,0.0,0.6666666666666666,1,1
p1_01241,1240,monetary,simple,MEDIUM_CORRECT,UNCLASSIFIED,True,True,False,0.5,1.0,0.75,1,0
p1_01242,1241,time,simple,BAD_WRONG,UNCLASSIFIED,False,False,False,0.3333333333333333,0.0,1.0,2,1
p1_01243,1242,time,simple,BAD_WRONG,UNCLASSIFIED,False,False,False,0.3333333333333333,0.75,1.0,2,1
p1_01244,1243,time,simple,GOOD,,True,True,False,1.0,1.0,1.0,0,0
p1_01245,1244,counting,simple,BAD_WRONG,UNCLASSIFIED,False,False,False,0.0,0.0,1.0,2,2
p1_01246,1245,percentage,simple,GOOD,,True,True,False,1.0,1.0,1.0,0,0
p1_01247,1246,monetary,simple,BAD_WRONG,UNCLASSIFIED,False,False,False,0.25,0.75,1.0,3,1
p1_01248,1247,rate,simple,BAD_WRONG,UNCLASSIFIED,False,False,False,0.3333333333333333,0.0,1.0,2,0
p1_01249,1248,percentage,simple,GOOD,,True,True,False,1.0,1.0,1.0,0,0
p1_01250,1249,monetary,simple,BAD_WRONG,UNCLASSIFIED,False,False,False,0.3333333333333333,0.25,1.0,2,3
p1_01251,1250,time,simple,BAD_WRONG,CE,False,False,False,1.0,0.0,1.0,0,0
p1_01252,1251,time,simple,GOOD,,True,True,False,1.0,1.0,0.75,0,0
p1_01253,1252,time,simple,GOOD,,True,True,False,1.0,1.0,0.75,0,0
p1_01254,1253,time,simple,BAD_WRONG,UNCLASSIFIED,False,False,False,0.6,1.0,0.5,2,0
p1_01255,1254,rate,simple,MEDIUM_CORRECT,UNCLASSIFIED,True,True,False,1.0,1.0,1.0,0,0
p1_01256,1255,time,simple,BAD_WRONG,CE,False,False,False,0.4,0.5,1.0,3,2
p1_01257,1256,time,simple,BAD_WRONG,UNCLASSIFIED,False,False,False,0.0,0.0,0.6666666666666666,2,1
p1_01258,1257,percentage,simple,BAD_WRONG,SM,False,False,False,0.0,1.0,1.0,3,0
p1_01259,1258,time,simple,BAD_WRONG,SM,False,False,False,0.0,1.0,1.0,4,0
p1_01260,1259,time,simple,MEDIUM_CORRECT,CE,True,True,False,1.0,0.0,1.0,0,0
p1_01261,1260,time,simple,MEDIUM_CORRECT,UNCLASSIFIED,True,True,False,0.4,1.0,1.0,3,0
p1_01262,1261,rate,simple,BAD_WRONG,UNCLASSIFIED,False,False,False,0.25,0.0,1.0,3,1
p1_01263,1262,time,simple,BAD_WRONG,CE,False,False,False,0.42857142857142855,0.0,1.0,4,1
p1_01264,1263,percentage,simple,BAD_WRONG,CE,False,False,False,0.375,0.0,1.0,5,0
p1_01265,1264,percentage,simple,BAD_WRONG,NR,False,False,False,0.0,0.0,1.0,3,0
p1_01266,1265,monetary,simple,BAD_WRONG,CE,False,False,False,0.5,0.0,1.0,1,0
p1_01267,1266,time,simple,BAD_WRONG,UNCLASSIFIED,False,False,False,0.0,0.0,0.16666666666666666,2,1
p1_01268,1267,time,simple,BAD_WRONG,UNCLASSIFIED,False,False,False,0.0,0.0,1.0,2,2
p1_01269,1268,monetary,simple,GOOD,,True,True,False,1.0,1.0,1.0,0,0
p1_01270,1269,time,simple,MEDIUM_CORRECT,CE,True,True,False,1.0,0.0,0.75,0,0
p1_01271,1270,time,simple,BAD_WRONG,UNCLASSIFIED,False,False,False,0.0,0.0,1.0,0,1
p1_01272,1271,time,simple,BAD_WRONG,SM,False,False,False,0.0,1.0,1.0,4,0
p1_01273,1272,counting,simple,BAD_WRONG,UNCLASSIFIED,False,False,False,0.3333333333333333,0.0,0.0,2,0
p1_01274,1273,monetary,simple,BAD_WRONG,UNCLASSIFIED,False,False,False,0.75,1.0,0.8333333333333334,1,0
p1_01275,1274,time,simple,BAD_WRONG,UNCLASSIFIED,False,False,False,0.5,1.0,1.0,2,0
p1_01276,1275,time,simple,BAD_WRONG,UNCLASSIFIED,False,False,False,0.0,1.0,1.0,2,0
p1_01277,1276,monetary,simple,MEDIUM_WRONG,SM,False,False,False,0.0,1.0,1.0,1,0
p1_01278,1277,time,simple,BAD_WRONG,CE,False,False,False,0.6,0.0,1.0,2,2
p1_01279,1278,monetary,simple,BAD_WRONG,SM,False,False,False,0.0,1.0,0.5,4,0
p1_01280,1279,rate,simple,BAD_WRONG,UNCLASSIFIED,False,False,False,0.3333333333333333,0.0,1.0,2,1
p1_01281,1280,time,simple,BAD_WRONG,UNCLASSIFIED,False,False,False,1.0,1.0,1.0,0,0
p1_01282,1281,percentage,simple,BAD_WRONG,UNCLASSIFIED,False,True,True,1.0,1.0,1.0,0,0
p1_01283,1282,time,simple,BAD_WRONG,NR,False,False,False,0.0,0.0,1.0,1,0
p1_01284,1283,time,simple,BAD_WRONG,SM,False,False,False,0.0,0.8333333333333334,0.8333333333333334,2,1
p1_01285,1284,counting,simple,BAD_WRONG,UNCLASSIFIED,False,False,False,0.6,1.0,1.0,2,0
p1_01286,1285,monetary,simple,BAD_WRONG,UNCLASSIFIED,False,True,True,0.3333333333333333,0.6666666666666666,1.0,2,1
p1_01287,1286,time,simple,MEDIUM_CORRECT,CE,True,True,False,1.0,0.0,1.0,0,0
p1_01288,1287,percentage,simple,MEDIUM_CORRECT,CE,True,True,False,1.0,0.0,1.0,0,0
p1_01289,1288,monetary,simple,BAD_WRONG,SM,False,False,False,0.16666666666666666,0.5,1.0,5,1
p1_01290,1289,time,simple,BAD_WRONG,SM,False,False,False,0.0,1.0,1.0,3,0
p1_01291,1290,monetary,simple,BAD_WRONG,UNCLASSIFIED,False,True,True,0.3333333333333333,0.0,1.0,2,0
p1_01292,1291,percentage,simple,BAD_WRONG,SM,False,False,False,0.16666666666666666,0.5,1.0,5,1
p1_01293,1292,counting,simple,BAD_WRONG,NR,False,False,False,0.0,0.0,0.0,4,0
p1_01294,1293,monetary,simple,BAD_WRONG,UNCLASSIFIED,False,False,False,0.25,0.3333333333333333,0.6666666666666666,3,2
p1_01295,1294,counting,simple,BAD_WRONG,CE,False,False,False,0.4,0.6666666666666666,1.0,3,1
p1_01296,1295,monetary,simple,GOOD,,True,True,False,1.0,1.0,1.0,0,0
p1_01297,1296,rate,simple,BAD_WRONG,UNCLASSIFIED,False,False,False,0.5,1.0,1.0,2,0
p1_01298,1297,monetary,simple,BAD_WRONG,NR,False,False,False,0.25,0.0,1.0,3,0
p1_01299,1298,time,simple,BAD_WRONG,CE,False,False,False,0.5,0.5,0.6666666666666666,1,1
p1_01300,1299,time,simple,BAD_WRONG,UNCLASSIFIED,False,False,False,0.0,1.0,0.6666666666666666,6,0
p1_01301,1300,time,simple,GOOD,,True,True,False,1.0,1.0,1.0,0,0
p1_01302,1301,monetary,simple,BAD_WRONG,CE,False,False,False,0.4,0.5,1.0,3,1
p1_01303,1302,percentage,simple,BAD_WRONG,UNCLASSIFIED,False,True,True,0.6666666666666666,1.0,1.0,2,0
p1_01304,1303,time,simple,BAD_WRONG,SM,False,False,False,0.0,1.0,0.75,4,0
p1_01305,1304,percentage,simple,BAD_WRONG,UNCLASSIFIED,False,False,False,0.3333333333333333,0.6666666666666666,1.0,2,1
p1_01306,1305,percentage,simple,GOOD,,True,True,False,1.0,1.0,1.0,0,0
p1_01307,1306,monetary,simple,BAD_WRONG,NR,False,False,False,0.0,0.0,0.75,5,0
p1_01308,1307,time,simple,BAD_WRONG,UNCLASSIFIED,False,False,False,0.3333333333333333,0.0,0.6666666666666666,2,0
p1_01309,1308,monetary,simple,MEDIUM_WRONG,UNCLASSIFIED,False,False,False,0.5,1.0,1.0,1,0
p1_01310,1309,time,simple,BAD_WRONG,UNCLASSIFIED,False,False,False,0.5,1.0,1.0,1,0
p1_01311,1310,time,simple,BAD_WRONG,SM,False,False,False,0.0,1.0,1.0,4,0
p1_01312,1311,time,simple,BAD_WRONG,UNCLASSIFIED,False,False,False,0.0,1.0,1.0,2,0
p1_01313,1312,monetary,simple,MEDIUM_WRONG,UNCLASSIFIED,False,False,False,0.75,1.0,1.0,1,0
p1_01314,1313,time,simple,BAD_WRONG,NR,False,False,False,0.0,0.0,1.0,2,0
p1_01315,1314,time,simple,BAD_WRONG,NR,False,False,False,0.0,0.0,0.5,4,0
p1_01316,1315,time,simple,MEDIUM_CORRECT,UNCLASSIFIED,True,True,False,1.0,1.0,1.0,0,0
p1_01317,1316,time,simple,BAD_WRONG,UNCLASSIFIED,False,True,True,0.2,0.3333333333333333,0.6666666666666666,4,2
p1_01318,1317,monetary,simple,BAD_WRONG,NR,False,False,False,0.0,0.0,1.0,1,0
p1_01319,1318,monetary,simple,BAD_WRONG,NR,False,False,False,0.0,0.0,1.0,4,0
p1_01320,1319,time,simple,BAD_WRONG,UNCLASSIFIED,False,False,False,0.3333333333333333,0.0,1.0,2,0
p1_01321,1320,time,simple,MEDIUM_WRONG,CE,False,True,True,0.5,0.0,1.0,1,1
p1_01322,1321,percentage,simple,BAD_WRONG,UNCLASSIFIED,False,False,False,0.5,1.0,0.75,3,0
p1_01323,1322,percentage,simple,BAD_WRONG,SM,False,False,False,0.0,1.0,0.8,5,0
p1_01324,1323,time,simple,BAD_WRONG,UNCLASSIFIED,False,False,False,0.0,1.0,0.75,5,0
p1_01325,1324,monetary,simple,BAD_WRONG,NR,False,False,False,0.0,0.0,1.0,2,0
p1_01326,1325,time,simple,MEDIUM_WRONG,UNCLASSIFIED,False,False,False,1.0,1.0,0.6666666666666666,0,0
p1_01327,1326,time,simple,MEDIUM_CORRECT,CE,True,True,False,1.0,0.0,1.0,0,0
p1_01328,1327,monetary,simple,BAD_WRONG,CE,False,False,False,0.5,0.0,1.0,2,1
p1_01329,1328,time,simple,BAD_WRONG,UNCLASSIFIED,False,False,False,0.25,0.6666666666666666,1.0,3,1
p1_01330,1329,monetary,simple,BAD_WRONG,UNCLASSIFIED,False,False,False,0.6666666666666666,1.0,1.0,1,0
p1_01331,1330,monetary,simple,BAD_WRONG,NR,False,False,False,0.0,0.0,1.0,2,0
p1_01332,1331,time,simple,MEDIUM_WRONG,UNCLASSIFIED,False,False,False,0.5,1.0,1.0,1,0
p1_01333,1332,time,simple,BAD_WRONG,UNCLASSIFIED,False,False,False,0.0,1.0,0.5,3,0
p1_01334,1333,time,simple,BAD_WRONG,UNCLASSIFIED,False,False,False,0.3333333333333333,1.0,1.0,2,0
p1_01335,1334,percentage,simple,BAD_WRONG,UNCLASSIFIED,False,False,False,0.0,0.5,0.3333333333333333,3,1
p1_01336,1335,time,simple,BAD_WRONG,CE,False,False,False,1.0,0.0,1.0,0,0
p1_01337,1336,time,simple,MEDIUM_CORRECT,CE,True,True,False,1.0,0.0,1.0,0,1
p1_01338,1337,counting,simple,MEDIUM_WRONG,UNCLASSIFIED,False,False,False,0.5,1.0,1.0,1,0
p1_01339,1338,time,simple,BAD_WRONG,SM,False,False,False,0.0,1.0,1.0,2,0
p1_01340,1339,counting,simple,BAD_WRONG,UNCLASSIFIED,False,True,True,0.3333333333333333,0.0,1.0,2,1
p1_01341,1340,percentage,simple,MEDIUM_WRONG,UNCLASSIFIED,False,False,False,0.5,1.0,1.0,1,0
p1_01342,1341,counting,simple,GOOD,,True,True,False,1.0,1.0,1.0,0,0
p1_01343,1342,time,simple,MEDIUM_WRONG,CE,False,True,True,0.6666666666666666,0.0,1.0,1,1
p1_01344,1343,percentage,simple,BAD_WRONG,UNCLASSIFIED,False,False,False,0.2,1.0,1.0,4,0
p1_01345,1344,monetary,simple,BAD_WRONG,UNCLASSIFIED,False,True,True,0.25,1.0,1.0,3,0
p1_01346,1345,percentage,simple,MEDIUM_WRONG,CE,False,False,False,0.8,0.8,1.0,1,1
p1_01347,1346,percentage,simple,BAD_WRONG,CE,False,False,False,1.0,0.0,1.0,0,0
p1_01348,1347,time,simple,BAD_WRONG,UNCLASSIFIED,False,False,False,0.5,1.0,0.75,2,0
p1_01349,1348,counting,simple,BAD_WRONG,UNCLASSIFIED,False,True,True,0.3333333333333333,1.0,1.0,2,0
p1_01350,1349,time,simple,BAD_WRONG,UNCLASSIFIED,False,False,False,0.5,1.0,1.0,2,0
p1_01351,1350,time,simple,BAD_WRONG,CE,False,False,False,0.6666666666666666,0.75,1.0,1,1
p1_01352,1351,monetary,simple,BAD_WRONG,NR,False,False,False,0.0,0.0,1.0,3,0
p1_01353,1352,monetary,simple,BAD_WRONG,UNCLASSIFIED,False,False,False,0.25,1.0,0.5,3,0
p1_01354,1353,monetary,simple,BAD_WRONG,CE,False,False,False,0.6666666666666666,0.0,1.0,1,0
p1_01355,1354,percentage,simple,MEDIUM_WRONG,UNCLASSIFIED,False,False,False,0.6666666666666666,1.0,1.0,1,0
p1_01356,1355,rate,simple,BAD_WRONG,CE,False,False,False,0.375,0.0,1.0,5,2
p1_01357,1356,percentage,simple,MEDIUM_WRONG,UNCLASSIFIED,False,False,False,0.5,1.0,1.0,1,0
p1_01358,1357,time,simple,MEDIUM_CORRECT,CE,True,True,False,1.0,0.0,1.0,0,0
p1_01359,1358,monetary,simple,BAD_WRONG,UNCLASSIFIED,False,True,True,0.0,1.0,1.0,2,0
p1_01360,1359,monetary,simple,BAD_WRONG,NR,False,False,False,0.0,0.0,1.0,2,0
p1_01361,1360,time,simple,GOOD,,True,True,False,1.0,1.0,1.0,0,0
p1_01362,1361,monetary,simple,MEDIUM_CORRECT,UNCLASSIFIED,True,True,False,0.5,1.0,1.0,1,0
p1_01363,1362,time,simple,BAD_WRONG,UNCLASSIFIED,False,False,False,0.3333333333333333,0.5,0.6666666666666666,2,2
p1_01364,1363,percentage,simple,BAD_WRONG,CE,False,False,False,0.6,0.6666666666666666,1.0,2,1
p1_01365,1364,counting,simple,MEDIUM_WRONG,UNCLASSIFIED,False,True,True,0.5,1.0,1.0,1,0
p1_01366,1365,monetary,simple,GOOD,,True,True,False,1.0,1.0,1.0,0,0
p1_01367,1366,time,simple,BAD_WRONG,UNCLASSIFIED,False,False,False,0.0,1.0,1.0,2,0
p1_01368,1367,counting,simple,BAD_WRONG,CE,False,False,False,0.5,0.0,1.0,1,0
p1_01369,1368,rate,simple,BAD_WRONG,UNCLASSIFIED,False,False,False,0.0,0.0,1.0,2,1
p1_01370,1369,rate,simple,BAD_WRONG,UNCLASSIFIED,False,False,False,0.3333333333333333,1.0,1.0,2,0
p1_01371,1370,monetary,simple,BAD_WRONG,NR,False,False,False,0.0,0.0,0.6666666666666666,2,0
p1_01372,1371,percentage,simple,BAD_WRONG,UNCLASSIFIED,False,True,True,0.0,0.0,0.5,2,1
p1_01373,1372,monetary,simple,MEDIUM_WRONG,CE,False,False,False,0.5,0.6666666666666666,1.0,1,1
p1_01374,1373,monetary,simple,BAD_WRONG,UNCLASSIFIED,False,False,False,0.6,1.0,0.6666666666666666,2,0
p1_01375,1374,percentage,simple,BAD_WRONG,SM,False,False,False,0.0,1.0,1.0,4,0
p1_01376,1375,time,simple,BAD_WRONG,UNCLASSIFIED,False,False,False,0.0,0.5,0.0,2,1
p1_01377,1376,percentage,simple,BAD_WRONG,SM,False,False,False,0.0,1.0,1.0,2,0
p1_01378,1377,time,simple,BAD_WRONG,UNCLASSIFIED,False,True,True,0.3333333333333333,0.5,1.0,2,1
p1_01379,1378,percentage,simple,MEDIUM_WRONG,CE,False,False,False,0.8333333333333334,0.0,1.0,1,1
p1_01380,1379,time,simple,BAD_WRONG,NR,False,False,False,0.0,0.0,0.5,2,0
p1_01381,1380,time,simple,BAD_WRONG,UNCLASSIFIED,False,False,False,0.4,1.0,1.0,3,0
p1_01382,1381,monetary,simple,BAD_WRONG,UNCLASSIFIED,False,False,False,0.0,0.3333333333333333,1.0,3,2
p1_01383,1382,rate,simple,BAD_WRONG,NR,False,False,False,0.0,0.0,0.6666666666666666,2,0
p1_01384,1383,counting,simple,BAD_WRONG,UNCLASSIFIED,False,False,False,0.5,1.0,1.0,2,0
p1_01385,1384,monetary,simple,GOOD,,True,True,False,1.0,1.0,1.0,0,0
p1_01386,1385,time,simple,BAD_WRONG,CE,False,False,False,0.5,0.0,1.0,2,2
p1_01387,1386,monetary,simple,MEDIUM_WRONG,UNCLASSIFIED,False,True,True,0.5,1.0,1.0,1,0
p1_01388,1387,percentage,simple,BAD_WRONG,UNCLASSIFIED,False,False,False,0.3333333333333333,1.0,1.0,2,0
p1_01389,1388,time,medium,BAD_WRONG,SM,False,False,False,0.0,0.5,1.0,3,1
p1_01390,1389,percentage,simple,BAD_WRONG,UNCLASSIFIED,False,False,False,0.5,1.0,1.0,2,0
p1_01391,1390,monetary,simple,BAD_WRONG,UNCLASSIFIED,False,False,False,0.0,0.3333333333333333,1.0,5,4
p1_01392,1391,counting,simple,BAD_WRONG,NR,False,False,False,0.0,0.0,1.0,0,0
p1_01393,1392,time,simple,BAD_WRONG,CE,False,True,True,0.5,0.5,1.0,2,1
p1_01394,1393,time,simple,BAD_WRONG,UNCLASSIFIED,False,False,False,0.5,1.0,1.0,2,0
p1_01395,1394,time,simple,BAD_WRONG,SM,False,False,False,0.0,0.6666666666666666,1.0,4,1
p1_01396,1395,rate,simple,BAD_WRONG,CE,False,False,False,0.5,0.5,1.0,1,1
p1_01397,1396,time,simple,BAD_WRONG,UNCLASSIFIED,False,False,False,0.3333333333333333,0.6666666666666666,1.0,2,1
p1_01398,1397,percentage,simple,BAD_WRONG,CE,False,False,False,0.6,0.6,1.0,2,2
p1_01399,1398,monetary,simple,BAD_WRONG,UNCLASSIFIED,False,False,False,0.25,1.0,1.0,3,0
p1_01400,1399,percentage,simple,BAD_WRONG,NR,False,False,False,0.0,0.0,1.0,4,0
p1_01401,1400,rate,simple,MEDIUM_WRONG,UNCLASSIFIED,False,False,False,0.6666666666666666,1.0,1.0,1,0
p1_01402,1401,counting,simple,BAD_WRONG,SM,False,False,False,0.0,1.0,1.0,3,0
p1_01403,1402,monetary,simple,MEDIUM_CORRECT,CE,True,True,False,1.0,0.0,1.0,0,2
p1_01404,1403,monetary,simple,BAD_WRONG,NR,False,False,False,0.0,0.0,1.0,3,0
p1_01405,1404,time,simple,MEDIUM_CORRECT,NR,True,True,False,0.0,0.0,1.0,1,0
p1_01406,1405,monetary,simple,BAD_WRONG,UNCLASSIFIED,False,False,False,0.0,1.0,1.0,5,0
p1_01407,1406,time,simple,BAD_WRONG,UNCLASSIFIED,False,False,False,0.25,1.0,1.0,3,0
p1_01408,1407,time,simple,BAD_WRONG,UNCLASSIFIED,False,False,False,0.25,1.0,0.6666666666666666,3,0
p1_01409,1408,monetary,simple,BAD_WRONG,UNCLASSIFIED,False,False,False,0.0,0.0,1.0,3,1
p1_01410,1409,counting,simple,BAD_WRONG,UNCLASSIFIED,False,False,False,0.25,0.5,1.0,3,1
p1_01411,1410,time,simple,BAD_WRONG,CE,False,False,False,0.75,0.5,1.0,1,1
p1_01412,1411,rate,simple,BAD_WRONG,CE,False,False,False,0.5,0.0,1.0,1,0
p1_01413,1412,monetary,simple,BAD_WRONG,CE,False,False,False,1.0,0.0,1.0,0,0
p1_01414,1413,counting,simple,BAD_WRONG,UNCLASSIFIED,False,False,False,0.0,0.6666666666666666,1.0,3,1
p1_01415,1414,percentage,simple,BAD_WRONG,UNCLASSIFIED,False,False,False,0.25,1.0,1.0,3,0
p1_01416,1415,monetary,simple,BAD_WRONG,UNCLASSIFIED,False,False,False,0.2,0.0,1.0,4,1
p1_01417,1416,monetary,simple,BAD_WRONG,NR,False,False,False,0.0,0.0,1.0,2,0
p1_01418,1417,time,simple,MEDIUM_WRONG,CE,False,False,False,0.75,0.75,1.0,1,1
p1_01419,1418,time,simple,BAD_WRONG,CE,False,False,False,0.5,0.0,0.5,1,0
p1_01420,1419,time,simple,BAD_WRONG,SM,False,False,False,0.0,1.0,1.0,3,0
p1_01421,1420,counting,simple,BAD_WRONG,UNCLASSIFIED,False,False,False,0.25,0.6,1.0,3,2
p1_01422,1421,time,simple,MEDIUM_WRONG,UNCLASSIFIED,False,False,False,1.0,1.0,1.0,0,0
p1_01423,1422,percentage,simple,MEDIUM_WRONG,UNCLASSIFIED,False,False,False,1.0,1.0,1.0,0,0
p1_01424,1423,time,simple,BAD_WRONG,CE,False,False,False,0.5,0.5,0.8333333333333334,3,2
p1_01425,1424,monetary,simple,MEDIUM_CORRECT,CE,True,True,False,1.0,0.0,1.0,0,1
p1_01426,1425,percentage,simple,BAD_WRONG,UNCLASSIFIED,False,False,False,0.5,1.0,0.5,3,0
p1_01427,1426,time,simple,BAD_WRONG,UNCLASSIFIED,False,False,False,0.0,0.0,0.6666666666666666,3,1
p1_01428,1427,counting,simple,BAD_WRONG,SM,False,False,False,0.0,1.0,0.5,3,0
p1_01429,1428,time,simple,BAD_WRONG,UNCLASSIFIED,False,False,False,0.0,0.0,1.0,3,2
p1_01430,1429,time,simple,BAD_WRONG,SM,False,False,False,0.2,1.0,0.6,4,0
p1_01431,1430,time,simple,BAD_WRONG,UNCLASSIFIED,False,False,False,0.2,0.0,1.0,4,1
p1_01432,1431,counting,simple,BAD_WRONG,UNCLASSIFIED,False,False,False,0.5,1.0,0.3333333333333333,1,0
p1_01433,1432,monetary,simple,MEDIUM_WRONG,UNCLASSIFIED,False,False,False,0.5,1.0,0.75,1,0
p1_01434,1433,monetary,simple,GOOD,,True,True,False,1.0,1.0,1.0,0,0
p1_01435,1434,percentage,simple,BAD_WRONG,NR,False,False,False,0.0,0.0,0.8,1,0
p1_01436,1435,counting,simple,BAD_WRONG,UNCLASSIFIED,False,False,False,0.3333333333333333,0.3333333333333333,1.0,2,2
p1_01437,1436,time,simple,MEDIUM_WRONG,UNCLASSIFIED,False,False,False,1.0,1.0,1.0,0,0
p1_01438,1437,time,simple,BAD_WRONG,NR,False,False,False,0.0,0.0,1.0,3,0
p1_01439,1438,monetary,simple,BAD_WRONG,SM,False,False,False,0.0,1.0,1.0,2,0
p1_01440,1439,counting,simple,BAD_WRONG,UNCLASSIFIED,False,False,False,0.3333333333333333,0.5,1.0,2,1
p1_01441,1440,monetary,simple,BAD_WRONG,CE,False,False,False,1.0,0.6,1.0,0,2
p1_01442,1441,monetary,simple,BAD_WRONG,NR,False,False,False,0.0,0.0,0.0,1,0
p1_01443,1442,time,simple,MEDIUM_WRONG,UNCLASSIFIED,False,False,False,0.5,1.0,1.0,1,0
p1_01444,1443,time,simple,BAD_WRONG,SM,False,False,False,0.0,0.6666666666666666,0.7142857142857143,4,1
p1_01445,1444,percentage,simple,BAD_WRONG,UNCLASSIFIED,False,False,False,0.3333333333333333,0.5,1.0,4,1
p1_01446,1445,time,simple,BAD_WRONG,SM,False,False,False,0.0,1.0,1.0,3,0
p1_01447,1446,monetary,simple,MEDIUM_CORRECT,CE,True,True,False,0.5,0.0,1.0,1,0
p1_01448,1447,monetary,simple,MEDIUM_WRONG,CE,False,False,False,1.0,0.0,1.0,0,1
p1_01449,1448,monetary,simple,BAD_WRONG,NR,False,False,False,0.0,0.0,0.75,2,0
p1_01450,1449,percentage,simple,BAD_WRONG,NR,False,False,False,0.25,0.0,1.0,3,0
p1_01451,1450,time,simple,BAD_WRONG,NR,False,False,False,0.0,0.0,1.0,2,0
p1_01452,1451,rate,simple,BAD_WRONG,UNCLASSIFIED,False,False,False,0.75,1.0,1.0,1,0
p1_01453,1452,counting,simple,BAD_WRONG,UNCLASSIFIED,False,False,False,0.0,1.0,1.0,2,0
p1_01454,1453,counting,simple,BAD_WRONG,UNCLASSIFIED,False,False,False,0.0,0.5,0.6666666666666666,2,1
p1_01455,1454,counting,simple,BAD_WRONG,UNCLASSIFIED,False,False,False,0.3333333333333333,0.6666666666666666,1.0,2,1
p1_01456,1455,monetary,simple,BAD_WRONG,CE,False,False,False,0.5,0.0,0.6666666666666666,1,0
p1_01457,1456,percentage,simple,MEDIUM_CORRECT,CE,True,True,False,1.0,0.3333333333333333,1.0,0,2
p1_01458,1457,monetary,simple,GOOD,,True,True,False,1.0,1.0,1.0,0,0
p1_01459,1458,time,simple,BAD_WRONG,UNCLASSIFIED,False,False,False,0.25,1.0,1.0,3,0
p1_01460,1459,time,simple,BAD_WRONG,UNCLASSIFIED,False,False,False,0.0,0.0,1.0,0,1
p1_01461,1460,percentage,simple,MEDIUM_CORRECT,CE,True,True,False,0.5,0.0,0.75,1,0
p1_01462,1461,time,simple,MEDIUM_CORRECT,UNCLASSIFIED,True,True,False,0.4,1.0,0.6666666666666666,3,0
p1_01463,1462,time,simple,MEDIUM_WRONG,UNCLASSIFIED,False,True,True,0.6666666666666666,1.0,1.0,1,0
p1_01464,1463,time,simple,BAD_WRONG,UNCLASSIFIED,False,False,False,0.75,1.0,0.6666666666666666,1,0
p1_01465,1464,monetary,simple,BAD_WRONG,UNCLASSIFIED,False,False,False,0.0,0.0,1.0,2,2
p1_01466,1465,monetary,simple,BAD_WRONG,UNCLASSIFIED,False,False,False,0.25,1.0,0.6666666666666666,3,0
p1_01467,1466,monetary,simple,BAD_WRONG,UNCLASSIFIED,False,False,False,0.0,0.0,1.0,2,1
p1_01468,1467,monetary,simple,BAD_WRONG,CE,False,False,False,0.6666666666666666,0.0,1.0,1,0
p1_01469,1468,time,simple,BAD_WRONG,UNCLASSIFIED,False,False,False,0.0,1.0,1.0,3,0
p1_01470,1469,rate,simple,GOOD,,True,True,False,1.0,1.0,1.0,0,0
p1_01471,1470,time,simple,BAD_WRONG,UNCLASSIFIED,False,False,False,0.0,0.0,1.0,2,1
p1_01472,1471,counting,simple,BAD_WRONG,UNCLASSIFIED,False,False,False,0.25,1.0,1.0,3,0
p1_01473,1472,monetary,simple,GOOD,,True,True,False,1.0,1.0,1.0,0,0
p1_01474,1473,monetary,simple,BAD_WRONG,SM,False,False,False,0.0,1.0,0.75,4,0
p1_01475,1474,monetary,simple,MEDIUM_CORRECT,UNCLASSIFIED,True,True,False,1.0,1.0,1.0,0,0
p1_01476,1475,counting,simple,MEDIUM_CORRECT,CE,True,True,False,1.0,0.0,1.0,0,0
p1_01477,1476,rate,simple,BAD_WRONG,SM,False,False,False,0.14285714285714285,1.0,1.0,6,0
p1_01478,1477,time,simple,BAD_WRONG,SM,False,False,False,0.0,0.5,1.0,3,1
p1_01479,1478,percentage,simple,MEDIUM_CORRECT,CE,True,True,False,1.0,0.0,1.0,0,0
p1_01480,1479,time,simple,BAD_WRONG,UNCLASSIFIED,False,False,False,0.0,0.0,1.0,2,2
p1_01481,1480,monetary,simple,BAD_WRONG,CE,False,False,False,0.5,0.3333333333333333,0.6666666666666666,3,2
p1_01482,1481,counting,simple,BAD_WRONG,UNCLASSIFIED,False,False,False,0.6666666666666666,1.0,1.0,1,0
p1_01483,1482,time,simple,BAD_WRONG,SM,False,False,False,0.0,1.0,1.0,3,0
p1_01484,1483,monetary,simple,BAD_WRONG,NR,False,False,False,0.0,0.0,1.0,2,0
p1_01485,1484,monetary,simple,BAD_WRONG,CE,False,False,False,0.6666666666666666,0.0,1.0,1,0
p1_01486,1485,monetary,simple,BAD_WRONG,UNCLASSIFIED,False,False,False,0.3333333333333333,1.0,1.0,2,0
p1_01487,1486,monetary,simple,BAD_WRONG,UNCLASSIFIED,False,False,False,0.3333333333333333,0.0,1.0,2,2
p1_01488,1487,time,simple,BAD_WRONG,UNCLASSIFIED,False,False,False,0.0,1.0,0.0,1,0
p1_01489,1488,percentage,simple,BAD_WRONG,UNCLASSIFIED,False,False,False,0.3333333333333333,0.0,1.0,2,0
p1_01490,1489,monetary,simple,BAD_WRONG,UNCLASSIFIED,False,False,False,0.3333333333333333,0.0,1.0,2,1
p1_01491,1490,time,simple,BAD_WRONG,NR,False,False,False,0.0,0.0,0.5,1,0
p1_01492,1491,time,simple,GOOD,,True,True,False,1.0,1.0,1.0,0,0
p1_01493,1492,time,simple,BAD_WRONG,SM,False,False,False,0.0,0.5,0.75,2,1
p1_01494,1493,percentage,simple,GOOD,,True,True,False,1.0,1.0,1.0,0,0
p1_01495,1494,time,simple,MEDIUM_CORRECT,UNCLASSIFIED,True,True,False,0.75,1.0,1.0,1,0
p1_01496,1495,monetary,simple,BAD_WRONG,UNCLASSIFIED,False,False,False,1.0,1.0,1.0,0,0
p1_01497,1496,time,simple,BAD_WRONG,UNCLASSIFIED,False,False,False,0.0,1.0,0.25,3,0
p1_01498,1497,monetary,simple,GOOD,,True,True,False,1.0,1.0,1.0,0,0
p1_01499,1498,counting,simple,BAD_WRONG,SM,False,False,False,0.0,1.0,1.0,2,0
p1_01500,1499,counting,simple,BAD_WRONG,UNCLASSIFIED,False,False,False,0.0,1.0,1.0,3,0
