id,eval_index,category,complexity,pass1_label,pass1_diagnosis,pass1_correct,final_correct,recovered,E,V,G,misses,bad_eqs
p1_00001,0,counting,simple,MEDIUM_WRONG,AL,False,True,True,0.5,1.0,1.0,1,0
p1_00002,1,time,simple,BAD_WRONG,UNCLASSIFIED,False,False,False,0.0,1.0,1.0,2,0
p1_00003,2,monetary,simple,BAD_WRONG,WP,False,True,True,0.3333333333333333,1.0,1.0,2,0
p1_00004,3,counting,simple,BAD_WRONG,SM,False,True,True,0.25,1.0,1.0,3,0
p1_00005,4,time,simple,BAD_WRONG,SM,False,False,False,0.0,0.5,1.0,3,1
p1_00006,5,counting,simple,BAD_WRONG,TR,False,False,False,0.0,0.0,1.0,5,0
p1_00007,6,counting,medium,GOOD,,True,True,False,1.0,1.0,1.0,0,0
p1_00008,7,logic,simple,GOOD,,True,True,False,1.0,1.0,1.0,0,0
p1_00009,8,monetary,complex,BAD_WRONG,UNCLASSIFIED,False,False,False,0.0,0.0,0.8571428571428571,2,1
p1_00010,9,counting,simple,BAD_WRONG,UNCLASSIFIED,False,False,False,0.0,1.0,1.0,2,0
p1_00011,10,monetary,complex,BAD_WRONG,WP,False,False,False,0.6,1.0,1.0,2,0
p1_00012,11,counting,simple,BAD_WRONG,WP,False,False,False,0.3333333333333333,1.0,1.0,2,0
p1_00013,12,monetary,simple,BAD_WRONG,WP,False,True,True,0.6666666666666666,1.0,1.0,1,0
p1_00014,13,time,simple,BAD_WRONG,CE,False,False,False,0.5,0.0,1.0,1,2
p1_00015,14,time,complex,BAD_WRONG,AL,False,False,False,0.0,1.0,1.0,6,0
p1_00016,15,monetary,medium,BAD_WRONG,NR,False,False,False,0.0,0.0,1.0,3,0
p1_00017,16,counting,medium,BAD_WRONG,AL,False,False,False,0.3333333333333333,1.0,0.6,4,0
p1_00018,17,time,simple,BAD_WRONG,ST,False,False,False,0.4,1.0,1.0,3,0
p1_00019,18,counting,simple,MEDIUM_WRONG,CE,False,True,True,0.6666666666666666,0.6666666666666666,1.0,1,1
p1_00020,19,counting,simple,BAD_WRONG,NR,False,False,False,0.0,0.0,1.0,2,0
p1_00021,20,time,simple,MEDIUM_CORRECT,,True,True,False,1.0,0.5,1.0,0,1
p1_00022,21,counting,complex,GOOD,,True,True,False,1.0,1.0,0.8888888888888888,0,0
p1_00023,22,counting,simple,BAD_WRONG,UNCLASSIFIED,False,False,False,0.0,1.0,1.0,2,0
p1_00024,23,counting,medium,BAD_WRONG,CE,False,False,False,0.6,0.6666666666666666,0.8333333333333334,2,1
p1_00025,24,counting,simple,GOOD,,True,True,False,1.0,1.0,0.6666666666666666,0,0
p1_00026,25,monetary,simple,BAD_WRONG,NR,False,False,False,0.0,0.0,1.0,0,0
p1_00027,26,counting,simple,BAD_WRONG,ST,False,False,False,0.2,0.5,1.0,4,1
p1_00028,27,monetary,simple,MEDIUM_WRONG,WP,False,True,True,0.75,1.0,1.0,1,0
p1_00029,28,logic,medium,BAD_WRONG,AL,False,True,True,0.0,0.0,1.0,1,2
p1_00030,29,counting,medium,MEDIUM_CORRECT,,True,True,False,0.6666666666666666,1.0,0.6,1,0
p1_00031,30,time,simple,MEDIUM_CORRECT,,True,True,False,1.0,0.0,1.0,0,0
p1_00032,31,counting,medium,BAD_WRONG,CE,False,True,True,1.0,0.0,1.0,0,1
p1_00033,32,monetary,simple,BAD_WRONG,WP,False,False,False,1.0,1.0,1.0,0,0
p1_00034,33,monetary,complex,MEDIUM_WRONG,CE,False,False,False,0.8,0.8333333333333334,1.0,1,1
p1_00035,34,counting,simple,MEDIUM_WRONG,WP,False,True,True,0.5,1.0,0.6666666666666666,1,0
p1_00036,35,counting,medium,GOOD,,True,True,False,1.0,1.0,1.0,0,0
p1_00037,36,monetary,medium,BAD_WRONG,SM,False,False,False,0.16666666666666666,1.0,1.0,5,0
p1_00038,37,monetary,simple,MEDIUM_CORRECT,,True,True,False,0.3333333333333333,1.0,1.0,2,0
p1_00039,38,counting,simple,MEDIUM_WRONG,AL,False,False,False,0.75,0.0,1.0,1,1
p1_00040,39,monetary,medium,MEDIUM_WRONG,AL,False,False,False,1.0,0.5,1.0,0,1
p1_00041,40,monetary,complex,GOOD,,True,True,False,1.0,1.0,1.0,0,0
p1_00042,41,time,simple,BAD_WRONG,AL,False,False,False,0.25,1.0,1.0,3,0
p1_00043,42,counting,simple,MEDIUM_WRONG,UNCLASSIFIED,False,False,False,0.0,0.0,1.0,1,1
p1_00044,43,counting,simple,BAD_WRONG,NR,False,True,True,0.0,0.0,1.0,2,0
p1_00045,44,monetary,simple,BAD_WRONG,SM,False,False,False,0.25,1.0,1.0,3,0
p1_00046,45,monetary,complex,MEDIUM_CORRECT,,True,True,False,1.0,1.0,1.0,0,0
p1_00047,46,counting,simple,BAD_WRONG,WP,False,False,False,0.3333333333333333,1.0,1.0,2,0
p1_00048,47,monetary,medium,MEDIUM_WRONG,WP,False,True,True,1.0,1.0,0.6666666666666666,0,0
p1_00049,48,monetary,simple,BAD_WRONG,SM,False,False,False,0.25,0.6666666666666666,1.0,3,1
p1_00050,49,time,simple,BAD_WRONG,UNCLASSIFIED,False,False,False,0.0,0.5,1.0,4,1
p1_00051,50,counting,simple,BAD_WRONG,WP,False,False,False,0.6666666666666666,1.0,1.0,2,0
p1_00052,51,rate,complex,MEDIUM_WRONG,AL,False,True,True,1.0,0.5,1.0,0,1
p1_00053,52,counting,medium,MEDIUM_WRONG,WP,False,False,False,0.5,1.0,1.0,1,0
p1_00054,53,counting,simple,BAD_WRONG,ST,False,False,False,0.6,1.0,0.6666666666666666,2,0
p1_00055,54,counting,simple,MEDIUM_WRONG,WP,False,False,False,1.0,1.0,1.0,0,0
p1_00056,55,counting,simple,BAD_WRONG,WP,False,False,False,0.3333333333333333,1.0,1.0,2,0
p1_00057,56,time,simple,BAD_WRONG,SM,False,False,False,0.16666666666666666,0.6666666666666666,1.0,5,1
p1_00058,57,monetary,simple,GOOD,,True,True,False,1.0,1.0,1.0,0,0
p1_00059,58,time,complex,BAD_WRONG,SM,False,False,False,0.125,1.0,1.0,7,0
p1_00060,59,counting,medium,BAD_WRONG,AL,False,False,False,0.0,0.0,0.8333333333333334,4,1
p1_00061,60,counting,simple,GOOD,,True,True,False,1.0,1.0,1.0,0,0
p1_00062,61,counting,simple,GOOD,,True,True,False,1.0,1.0,1.0,0,0
p1_00063,62,counting,medium,GOOD,,True,True,False,1.0,1.0,1.0,0,0
p1_00064,63,logic,simple,MEDIUM_CORRECT,,True,True,False,0.5,1.0,1.0,1,0
p1_00065,64,counting,medium,BAD_WRONG,CE,False,False,False,1.0,0.0,1.0,0,0
p1_00066,65,time,simple,BAD_WRONG,ST,False,False,False,0.3333333333333333,1.0,0.6666666666666666,2,0
p1_00067,66,monetary,complex,MEDIUM_CORRECT,,True,True,False,1.0,1.0,1.0,0,0
p1_00068,67,counting,simple,MEDIUM_WRONG,WP,False,False,False,0.6666666666666666,1.0,1.0,1,0
p1_00069,68,time,simple,BAD_WRONG,NR,False,False,False,0.0,0.0,0.6666666666666666,2,0
p1_00070,69,counting,medium,BAD_WRONG,CE,False,False,False,0.3333333333333333,0.0,1.0,2,0
p1_00071,70,time,simple,GOOD,,True,True,False,1.0,1.0,1.0,0,0
p1_00072,71,time,medium,BAD_WRONG,CE,False,False,False,0.6666666666666666,0.75,1.0,2,1
p1_00073,72,time,medium,BAD_WRONG,AL,False,False,False,1.0,1.0,1.0,0,0
p1_00074,73,counting,medium,BAD_WRONG,CE,False,False,False,0.5,0.8,1.0,3,1
p1_00075,74,counting,simple,MEDIUM_WRONG,WP,False,False,False,0.5,1.0,1.0,1,0
p1_00076,75,time,simple,BAD_WRONG,NR,False,False,False,0.0,0.0,1.0,1,0
p1_00077,76,monetary,simple,BAD_WRONG,NR,False,False,False,0.0,0.0,0.6666666666666666,2,0
p1_00078,77,rate,simple,MEDIUM_WRONG,WP,False,False,False,0.6666666666666666,1.0,1.0,1,0
p1_00079,78,counting,simple,GOOD,,True,True,False,1.0,1.0,1.0,0,0
p1_00080,79,counting,simple,BAD_WRONG,WP,False,False,False,0.3333333333333333,1.0,1.0,2,0
p1_00081,80,time,medium,BAD_WRONG,CE,False,True,True,0.3333333333333333,0.75,1.0,2,1
p1_00082,81,rate,medium,MEDIUM_WRONG,AL,False,False,False,0.6666666666666666,1.0,1.0,1,0
p1_00083,82,rate,simple,MEDIUM_CORRECT,,True,True,False,0.8,1.0,1.0,1,0
p1_00084,83,monetary,simple,MEDIUM_CORRECT,,True,True,False,0.75,1.0,1.0,1,0
p1_00085,84,rate,simple,MEDIUM_CORRECT,,True,True,False,0.5,1.0,1.0,1,0
p1_00086,85,rate,simple,BAD_WRONG,ST,False,False,False,0.42857142857142855,1.0,1.0,4,0
p1_00087,86,rate,medium,BAD_WRONG,AL,False,False,False,0.3333333333333333,1.0,1.0,2,0
p1_00088,87,counting,medium,MEDIUM_WRONG,CE,False,False,False,0.5,0.8,1.0,1,1
p1_00089,88,counting,simple,BAD_WRONG,UNCLASSIFIED,False,False,False,0.0,0.6666666666666666,1.0,3,1
p1_00090,89,counting,simple,BAD_WRONG,WP,False,False,False,0.4,1.0,1.0,3,0
p1_00091,90,counting,simple,GOOD,,True,True,False,1.0,1.0,1.0,0,0
p1_00092,91,counting,simple,MEDIUM_WRONG,WP,False,True,True,0.5,1.0,1.0,1,0
p1_00093,92,rate,simple,GOOD,,True,True,False,1.0,1.0,1.0,0,0
p1_00094,93,counting,complex,BAD_WRONG,SM,False,False,False,0.16666666666666666,1.0,1.0,5,0
p1_00095,94,counting,simple,GOOD,,True,True,False,1.0,1.0,1.0,0,0
p1_00096,95,counting,simple,MEDIUM_WRONG,WP,False,False,False,0.5,1.0,1.0,1,0
p1_00097,96,counting,medium,MEDIUM_CORRECT,,True,True,False,0.5,1.0,1.0,1,0
p1_00098,97,rate,medium,BAD_WRONG,CE,False,False,False,0.6666666666666666,0.6,1.0,2,2
p1_00099,98,counting,simple,BAD_WRONG,NR,False,False,False,0.0,0.0,1.0,0,0
p1_00100,99,monetary,simple,GOOD,,True,True,False,1.0,1.0,1.0,0,0
p1_00101,100,monetary,simple,GOOD,,True,True,False,1.0,1.0,1.0,0,0
p1_00102,101,time,simple,BAD_WRONG,WP,False,False,False,0.5,1.0,1.0,2,0
p1_00103,102,time,simple,BAD_WRONG,CE,False,True,True,0.5,0.6666666666666666,1.0,2,1
p1_00104,103,counting,simple,BAD_WRONG,TR,False,False,False,0.3333333333333333,1.0,1.0,2,0
p1_00105,104,counting,simple,BAD_WRONG,AL,False,False,False,0.0,0.0,1.0,2,1
p1_00106,105,rate,simple,BAD_WRONG,AL,False,False,False,0.2,1.0,1.0,4,0
p1_00107,106,counting,simple,BAD_WRONG,NR,False,True,True,0.0,0.0,1.0,4,0
p1_00108,107,counting,simple,MEDIUM_CORRECT,,True,True,False,0.5,1.0,1.0,1,0
p1_00109,108,counting,simple,GOOD,,True,True,False,1.0,1.0,1.0,0,0
p1_00110,109,time,simple,GOOD,,True,True,False,1.0,1.0,1.0,0,0
p1_00111,110,rate,simple,BAD_WRONG,ST,False,False,False,0.14285714285714285,1.0,0.6666666666666666,6,0
p1_00112,111,counting,medium,BAD_WRONG,WP,False,False,False,0.3333333333333333,1.0,1.0,2,0
p1_00113,112,monetary,medium,MEDIUM_WRONG,SM,False,False,False,0.0,1.0,1.0,1,0
p1_00114,113,counting,simple,BAD_WRONG,NR,False,False,False,0.0,0.0,1.0,2,0
p1_00115,114,time,simple,MEDIUM_WRONG,CE,False,True,True,0.5,0.5,1.0,1,1
p1_00116,115,counting,simple,MEDIUM_WRONG,CE,False,False,False,0.5,0.5,1.0,1,1
p1_00117,116,counting,simple,BAD_WRONG,SM,False,False,False,0.25,0.75,1.0,3,1
p1_00118,117,counting,simple,BAD_WRONG,SM,False,False,False,0.0,1.0,1.0,2,0
p1_00119,118,monetary,simple,MEDIUM_WRONG,CE,False,False,False,0.5,0.0,1.0,1,1
p1_00120,119,counting,complex,GOOD,,True,True,False,1.0,1.0,1.0,0,0
p1_00121,120,monetary,simple,MEDIUM_CORRECT,,True,True,False,1.0,1.0,1.0,0,0
p1_00122,121,counting,medium,BAD_WRONG,ST,False,False,False,0.25,0.0,1.0,3,1
p1_00123,122,monetary,complex,GOOD,,True,True,False,1.0,1.0,0.6666666666666666,0,0
p1_00124,123,counting,simple,MEDIUM_WRONG,SM,False,False,False,0.0,1.0,1.0,0,0
p1_00125,124,counting,simple,BAD_WRONG,NR,False,False,False,0.0,0.0,1.0,4,0
p1_00126,125,monetary,medium,GOOD,,True,True,False,1.0,1.0,1.0,0,0
p1_00127,126,counting,simple,MEDIUM_WRONG,WP,False,True,True,0.6666666666666666,1.0,1.0,1,0
p1_00128,127,counting,medium,BAD_WRONG,CE,False,False,False,0.6,0.8,1.0,2,1
p1_00129,128,time,simple,BAD_WRONG,SM,False,False,False,0.0,1.0,1.0,3,0
p1_00130,129,counting,simple,BAD_WRONG,ST,False,False,False,0.0,0.0,1.0,3,1
p1_00131,130,time,simple,BAD_WRONG,SM,False,False,False,0.0,0.75,1.0,5,1
p1_00132,131,time,simple,BAD_WRONG,TR,False,False,False,0.6,0.5,1.0,2,1
p1_00133,132,time,simple,BAD_WRONG,WP,False,False,False,0.5,1.0,1.0,2,0
p1_00134,133,counting,medium,BAD_WRONG,CE,False,False,False,0.3333333333333333,0.25,1.0,2,3
p1_00135,134,counting,simple,BAD_WRONG,TR,False,False,False,0.0,1.0,1.0,3,0
p1_00136,135,counting,simple,MEDIUM_CORRECT,,True,True,False,0.0,1.0,1.0,0,0
p1_00137,136,counting,simple,BAD_WRONG,UNCLASSIFIED,False,False,False,0.0,0.0,1.0,2,2
p1_00138,137,monetary,simple,BAD_WRONG,AL,False,True,True,0.5,0.0,1.0,1,0
p1_00139,138,monetary,medium,MEDIUM_CORRECT,,True,True,False,0.75,1.0,1.0,1,0
p1_00140,139,counting,simple,BAD_WRONG,ST,False,False,False,0.6666666666666666,1.0,1.0,1,0
p1_00141,140,monetary,simple,BAD_WRONG,SM,False,True,True,0.25,1.0,1.0,3,0
p1_00142,141,counting,medium,BAD_WRONG,WP,False,False,False,0.75,1.0,0.75,1,0
p1_00143,142,time,simple,MEDIUM_WRONG,WP,False,False,False,1.0,1.0,1.0,0,0
p1_00144,143,time,simple,MEDIUM_WRONG,CE,False,False,False,0.5,0.5,1.0,1,1
p1_00145,144,monetary,simple,BAD_WRONG,CE,False,True,True,0.3333333333333333,0.5,1.0,2,1
p1_00146,145,monetary,complex,BAD_WRONG,WP,False,False,False,0.5,1.0,0.6666666666666666,3,0
p1_00147,146,counting,simple,BAD_WRONG,WP,False,False,False,0.5,1.0,1.0,2,0
p1_00148,147,time,medium,BAD_WRONG,AL,False,False,False,0.0,0.0,1.0,5,1
p1_00149,148,time,simple,BAD_WRONG,SM,False,False,False,0.0,0.5,1.0,4,1
p1_00150,149,time,simple,BAD_WRONG,ST,False,False,False,0.3333333333333333,1.0,1.0,2,0
p1_00151,150,time,simple,MEDIUM_CORRECT,,True,True,False,0.6666666666666666,0.0,1.0,1,0
p1_00152,151,time,simple,GOOD,,True,True,False,1.0,1.0,1.0,0,0
p1_00153,152,counting,medium,MEDIUM_WRONG,WP,False,False,False,1.0,1.0,0.75,0,0
p1_00154,153,time,simple,BAD_WRONG,ST,False,False,False,0.3333333333333333,1.0,1.0,2,0
p1_00155,154,monetary,simple,MEDIUM_WRONG,WP,False,False,False,0.6666666666666666,1.0,1.0,1,0
p1_00156,155,rate,simple,BAD_WRONG,TR,False,False,False,0.6666666666666666,0.4,1.0,1,3
p1_00157,156,time,simple,MEDIUM_CORRECT,,True,True,False,0.5,0.0,1.0,1,1
p1_00158,157,monetary,complex,GOOD,,True,True,False,1.0,1.0,1.0,0,0
p1_00159,158,monetary,complex,BAD_WRONG,WP,False,True,True,0.3333333333333333,1.0,1.0,4,0
p1_00160,159,monetary,simple,GOOD,,True,True,False,1.0,1.0,1.0,0,0
p1_00161,160,monetary,simple,BAD_WRONG,WP,False,False,False,0.375,1.0,1.0,5,0
p1_00162,161,counting,medium,BAD_WRONG,WP,False,False,False,0.3333333333333333,1.0,0.8,2,0
p1_00163,162,counting,medium,GOOD,,True,True,False,1.0,1.0,0.6,0,0
p1_00164,163,counting,complex,BAD_WRONG,WP,False,False,False,0.6666666666666666,1.0,1.0,2,0
p1_00165,164,counting,simple,GOOD,,True,True,False,1.0,1.0,1.0,0,0
p1_00166,165,time,medium,BAD_WRONG,AL,False,False,False,0.0,1.0,1.0,3,0
p1_00167,166,time,simple,BAD_WRONG,AL,False,False,False,0.0,0.5,1.0,3,1
p1_00168,167,monetary,complex,MEDIUM_WRONG,WP,False,False,False,0.8333333333333334,1.0,1.0,1,0
p1_00169,168,logic,simple,MEDIUM_WRONG,SM,False,False,False,0.0,1.0,1.0,0,0
p1_00170,169,time,simple,GOOD,,True,True,False,1.0,1.0,1.0,0,0
p1_00171,170,time,complex,BAD_WRONG,CE,False,False,False,0.8,0.2,1.0,1,4
p1_00172,171,monetary,complex,BAD_WRONG,WP,False,True,True,0.4,1.0,1.0,3,0
p1_00173,172,time,simple,BAD_WRONG,SM,False,False,False,0.0,1.0,1.0,3,0
p1_00174,173,counting,simple,BAD_WRONG,SM,False,False,False,0.0,0.5,1.0,2,1
p1_00175,174,time,simple,MEDIUM_CORRECT,,True,True,False,1.0,1.0,1.0,0,0
p1_00176,175,time,simple,GOOD,,True,True,False,1.0,1.0,1.0,0,0
p1_00177,176,counting,simple,BAD_WRONG,SM,False,True,True,0.0,1.0,1.0,2,0
p1_00178,177,counting,simple,MEDIUM_CORRECT,,True,True,False,0.5,1.0,1.0,3,0
p1_00179,178,monetary,medium,MEDIUM_WRONG,WP,False,False,False,0.8333333333333334,1.0,1.0,1,0
p1_00180,179,time,complex,BAD_WRONG,ST,False,False,False,0.2,0.0,1.0,4,2
p1_00181,180,counting,simple,BAD_WRONG,CE,False,False,False,0.6,0.6666666666666666,1.0,2,1
p1_00182,181,counting,simple,BAD_WRONG,ST,False,False,False,0.0,1.0,1.0,4,0
p1_00183,182,counting,simple,BAD_WRONG,WP,False,False,False,0.5,1.0,1.0,2,0
p1_00184,183,time,simple,BAD_WRONG,UNCLASSIFIED,False,False,False,0.0,0.0,1.0,1,2
p1_00185,184,time,simple,MEDIUM_WRONG,WP,False,False,False,1.0,1.0,1.0,0,0
p1_00186,185,counting,simple,MEDIUM_CORRECT,,True,True,False,1.0,1.0,1.0,0,0
p1_00187,186,counting,medium,BAD_WRONG,SM,False,False,False,0.0,1.0,1.0,4,0
p1_00188,187,rate,simple,MEDIUM_CORRECT,,True,True,False,1.0,0.0,1.0,0,0
p1_00189,188,monetary,simple,MEDIUM_WRONG,WP,False,False,False,0.6666666666666666,1.0,1.0,1,0
p1_00190,189,time,simple,BAD_WRONG,SM,False,False,False,0.0,1.0,1.0,4,0
p1_00191,190,rate,simple,BAD_WRONG,AL,False,False,False,0.2,1.0,1.0,4,0
p1_00192,191,monetary,simple,BAD_WRONG,WP,False,False,False,0.5,1.0,1.0,2,0
p1_00193,192,counting,simple,MEDIUM_WRONG,WP,False,False,False,1.0,1.0,1.0,0,0
p1_00194,193,counting,simple,BAD_WRONG,SM,False,False,False,0.0,0.5,1.0,3,1
p1_00195,194,counting,medium,BAD_WRONG,SM,False,False,False,0.0,1.0,1.0,2,0
p1_00196,195,time,simple,MEDIUM_WRONG,WP,False,False,False,0.5,1.0,1.0,1,0
p1_00197,196,counting,simple,MEDIUM_WRONG,CE,False,False,False,0.5,0.75,1.0,1,1
p1_00198,197,counting,medium,BAD_WRONG,CE,False,False,False,0.3333333333333333,0.6666666666666666,1.0,2,1
p1_00199,198,time,simple,BAD_WRONG,TR,False,False,False,0.25,0.0,1.0,3,0
p1_00200,199,monetary,simple,BAD_WRONG,WP,False,False,False,0.5,1.0,1.0,2,0
p1_00201,200,counting,complex,BAD_WRONG,UNCLASSIFIED,False,False,False,0.0,0.0,1.0,6,3
p1_00202,201,monetary,complex,BAD_WRONG,UNCLASSIFIED,False,False,False,0.25,1.0,1.0,3,0
p1_00203,202,monetary,complex,BAD_WRONG,CE,False,False,False,0.5714285714285714,0.6666666666666666,1.0,3,2
p1_00204,203,counting,simple,GOOD,,True,True,False,1.0,1.0,1.0,0,0
p1_00205,204,counting,simple,MEDIUM_CORRECT,,True,True,False,0.75,1.0,1.0,1,0
p1_00206,205,counting,simple,BAD_WRONG,WP,False,False,False,0.5,1.0,1.0,2,0
p1_00207,206,rate,simple,BAD_WRONG,NR,False,False,False,0.0,0.0,1.0,2,0
p1_00208,207,time,medium,BAD_WRONG,AL,False,False,False,0.4,0.0,0.6666666666666666,3,1
p1_00209,208,monetary,medium,BAD_WRONG,SM,False,False,False,0.0,0.5,1.0,2,1
p1_00210,209,rate,simple,MEDIUM_WRONG,WP,False,True,True,0.6666666666666666,1.0,1.0,1,0
p1_00211,210,monetary,medium,BAD_WRONG,SM,False,False,False,0.0,1.0,1.0,4,0
p1_00212,211,counting,simple,BAD_WRONG,SM,False,False,False,0.0,0.6666666666666666,0.5,2,1
p1_00213,212,counting,simple,BAD_WRONG,NR,False,True,True,0.0,0.0,1.0,1,0
p1_00214,213,time,simple,GOOD,,True,True,False,1.0,1.0,1.0,0,0
p1_00215,214,logic,simple,BAD_WRONG,WP,False,False,False,0.3333333333333333,1.0,1.0,2,0
p1_00216,215,counting,simple,MEDIUM_WRONG,CE,False,False,False,0.6666666666666666,0.6666666666666666,1.0,1,1
p1_00217,216,time,simple,MEDIUM_CORRECT,,True,True,False,1.0,1.0,1.0,0,0
p1_00218,217,monetary,complex,BAD_WRONG,WP,False,False,False,0.4,1.0,1.0,3,0
p1_00219,218,counting,simple,MEDIUM_CORRECT,,True,True,False,0.6666666666666666,1.0,1.0,1,0
p1_00220,219,monetary,medium,MEDIUM_CORRECT,,True,True,False,1.0,0.0,1.0,0,0
p1_00221,220,time,simple,BAD_WRONG,SM,False,False,False,0.0,0.75,1.0,3,1
p1_00222,221,time,simple,BAD_WRONG,UNCLASSIFIED,False,False,False,0.0,1.0,1.0,4,0
p1_00223,222,counting,medium,BAD_WRONG,ST,False,False,False,0.0,1.0,1.0,5,0
p1_00224,223,counting,simple,MEDIUM_CORRECT,,True,True,False,1.0,0.5,1.0,0,1
p1_00225,224,time,simple,BAD_WRONG,SM,False,False,False,0.0,1.0,1.0,3,0
p1_00226,225,time,simple,BAD_WRONG,ST,False,False,False,0.0,1.0,1.0,3,0
p1_00227,226,monetary,medium,BAD_WRONG,SM,False,False,False,0.2,0.75,1.0,4,1
p1_00228,227,time,complex,MEDIUM_CORRECT,,True,True,False,1.0,0.0,1.0,0,0
p1_00229,228,time,simple,BAD_WRONG,UNCLASSIFIED,False,True,True,0.0,0.0,1.0,2,1
p1_00230,229,counting,simple,BAD_WRONG,TR,False,False,False,0.0,1.0,0.6666666666666666,4,0
p1_00231,230,time,medium,BAD_WRONG,CE,False,True,True,0.3333333333333333,0.6666666666666666,1.0,2,1
p1_00232,231,counting,simple,BAD_WRONG,ST,False,False,False,0.14285714285714285,1.0,0.5,6,0
p1_00233,232,monetary,simple,BAD_WRONG,ST,False,False,False,0.3333333333333333,1.0,1.0,2,0
p1_00234,233,monetary,medium,BAD_WRONG,SM,False,False,False,0.0,1.0,1.0,2,0
p1_00235,234,monetary,simple,MEDIUM_CORRECT,,True,True,False,0.5,1.0,1.0,1,0
p1_00236,235,counting,simple,BAD_WRONG,SM,False,False,False,0.0,1.0,1.0,2,0
p1_00237,236,counting,simple,MEDIUM_WRONG,WP,False,False,False,0.5,1.0,1.0,1,0
p1_00238,237,monetary,simple,BAD_WRONG,ST,False,False,False,0.5,1.0,0.6666666666666666,3,0
p1_00239,238,time,simple,BAD_WRONG,ST,False,True,True,0.25,1.0,1.0,3,0
p1_00240,239,time,simple,BAD_WRONG,WP,False,False,False,0.3333333333333333,1.0,1.0,2,0
p1_00241,240,counting,simple,MEDIUM_CORRECT,,True,True,False,0.5,1.0,1.0,1,0
p1_00242,241,monetary,medium,MEDIUM_CORRECT,,True,True,False,0.75,1.0,1.0,1,0
p1_00243,242,monetary,medium,GOOD,,True,True,False,1.0,1.0,0.75,0,0
p1_00244,243,counting,simple,BAD_WRONG,NR,False,False,False,0.0,0.0,1.0,1,0
p1_00245,244,counting,medium,BAD_WRONG,ST,False,False,False,0.16666666666666666,1.0,1.0,5,0
p1_00246,245,time,simple,BAD_WRONG,WP,False,False,False,0.3333333333333333,1.0,1.0,2,0
p1_00247,246,counting,medium,MEDIUM_WRONG,CE,False,False,False,0.75,0.75,1.0,1,1
p1_00248,247,time,medium,BAD_WRONG,NR,False,False,False,0.0,0.0,0.75,2,0
p1_00249,248,counting,simple,BAD_WRONG,UNCLASSIFIED,False,False,False,0.0,1.0,1.0,2,0
p1_00250,249,counting,simple,MEDIUM_WRONG,WP,False,False,False,0.6666666666666666,1.0,1.0,1,0
p1_00251,250,time,simple,BAD_WRONG,SM,False,False,False,0.0,1.0,1.0,2,0
p1_00252,251,counting,simple,BAD_WRONG,NR,False,False,False,0.0,0.0,0.5,1,0
p1_00253,252,time,medium,MEDIUM_WRONG,WP,False,False,False,0.75,1.0,1.0,1,0
p1_00254,253,counting,complex,BAD_WRONG,CE,False,False,False,0.5,0.75,1.0,2,1
p1_00255,254,time,simple,MEDIUM_WRONG,SM,False,False,False,0.0,1.0,1.0,0,0
p1_00256,255,monetary,complex,BAD_WRONG,WP,False,False,False,0.5,1.0,1.0,2,0
p1_00257,256,monetary,simple,MEDIUM_WRONG,WP,False,False,False,0.5,1.0,1.0,1,0
p1_00258,257,logic,simple,BAD_WRONG,AL,False,False,False,0.0,1.0,1.0,2,0
p1_00259,258,counting,simple,BAD_WRONG,UNCLASSIFIED,False,True,True,0.0,0.0,1.0,2,1
p1_00260,259,rate,simple,BAD_WRONG,NR,False,False,False,0.0,0.0,1.0,3,0
p1_00261,260,time,medium,BAD_WRONG,SM,False,False,False,0.0,0.6,1.0,8,2
p1_00262,261,counting,complex,BAD_WRONG,SM,False,False,False,0.25,0.75,1.0,3,1
p1_00263,262,counting,simple,BAD_WRONG,SM,False,False,False,0.0,1.0,1.0,2,0
p1_00264,263,counting,simple,MEDIUM_CORRECT,,True,True,False,1.0,1.0,1.0,0,0
p1_00265,264,time,complex,BAD_WRONG,CE,False,False,False,0.3333333333333333,0.75,0.6666666666666666,2,1
p1_00266,265,monetary,simple,BAD_WRONG,AL,False,True,True,0.5,1.0,1.0,1,0
p1_00267,266,counting,simple,BAD_WRONG,UNCLASSIFIED,False,False,False,0.0,1.0,1.0,2,0
p1_00268,267,counting,simple,BAD_WRONG,SM,False,False,False,0.25,1.0,1.0,3,0
p1_00269,268,monetary,simple,BAD_WRONG,UNCLASSIFIED,False,False,False,0.0,0.0,1.0,3,4
p1_00270,269,monetary,simple,BAD_WRONG,SM,False,False,False,0.25,1.0,1.0,3,0
p1_00271,270,monetary,medium,BAD_WRONG,WP,False,False,False,0.5,1.0,1.0,2,0
p1_00272,271,monetary,medium,BAD_WRONG,SM,False,False,False,0.0,0.6,0.6,2,2
p1_00273,272,rate,simple,BAD_WRONG,CE,False,False,False,0.3333333333333333,0.6666666666666666,1.0,2,1
p1_00274,273,time,simple,MEDIUM_WRONG,TR,False,True,True,0.5,0.75,1.0,1,1
p1_00275,274,monetary,simple,BAD_WRONG,UNCLASSIFIED,False,False,False,0.0,0.0,1.0,2,2
p1_00276,275,counting,simple,BAD_WRONG,SM,False,False,False,0.25,1.0,1.0,3,0
p1_00277,276,counting,simple,BAD_WRONG,SM,False,False,False,0.25,1.0,1.0,3,0
p1_00278,277,counting,simple,BAD_WRONG,WP,False,False,False,0.6,1.0,1.0,2,0
p1_00279,278,counting,simple,BAD_WRONG,UNCLASSIFIED,False,False,False,0.0,0.0,1.0,2,1
p1_00280,279,time,simple,BAD_WRONG,TR,False,False,False,0.2,1.0,0.5,4,0
p1_00281,280,monetary,simple,MEDIUM_WRONG,CE,False,False,False,0.5,0.5,1.0,1,1
p1_00282,281,time,simple,MEDIUM_CORRECT,,True,True,False,0.75,1.0,1.0,1,0
p1_00283,282,monetary,complex,MEDIUM_CORRECT,,True,True,False,0.8333333333333334,1.0,1.0,1,0
p1_00284,283,monetary,complex,BAD_WRONG,WP,False,False,False,0.6,1.0,1.0,2,0
p1_00285,284,counting,simple,MEDIUM_WRONG,TR,False,False,False,0.8,1.0,1.0,1,0
p1_00286,285,counting,simple,BAD_WRONG,SM,False,False,False,0.0,1.0,1.0,3,0
p1_00287,286,rate,medium,BAD_WRONG,AL,False,False,False,0.2,1.0,1.0,4,0
p1_00288,287,counting,simple,MEDIUM_CORRECT,,True,True,False,0.0,1.0,1.0,0,0
p1_00289,288,counting,medium,BAD_WRONG,UNCLASSIFIED,False,False,False,0.25,1.0,1.0,3,0
p1_00290,289,counting,simple,BAD_WRONG,SM,False,False,False,0.0,0.5,0.5,2,1
p1_00291,290,time,simple,MEDIUM_WRONG,WP,False,False,False,1.0,1.0,1.0,0,0
p1_00292,291,time,simple,BAD_WRONG,UNCLASSIFIED,False,False,False,0.25,0.0,0.6666666666666666,3,2
p1_00293,292,counting,simple,BAD_WRONG,CE,False,False,False,1.0,0.25,1.0,0,3
p1_00294,293,monetary,simple,MEDIUM_CORRECT,,True,True,False,0.3333333333333333,1.0,1.0,2,0
p1_00295,294,counting,complex,BAD_WRONG,ST,False,False,False,0.16666666666666666,0.0,1.0,5,2
p1_00296,295,counting,simple,BAD_WRONG,SM,False,False,False,0.0,1.0,1.0,2,0
p1_00297,296,time,simple,MEDIUM_WRONG,ST,False,False,False,0.75,0.0,1.0,1,1
p1_00298,297,counting,simple,BAD_WRONG,AL,False,False,False,0.0,0.3333333333333333,1.0,1,2
p1_00299,298,counting,medium,GOOD,,True,True,False,1.0,1.0,1.0,0,0
p1_00300,299,time,simple,BAD_WRONG,ST,False,False,False,0.3333333333333333,1.0,1.0,2,0
p1_00301,300,counting,simple,GOOD,,True,True,False,1.0,1.0,1.0,0,0
p1_00302,301,monetary,medium,BAD_WRONG,UNCLASSIFIED,False,False,False,0.0,0.0,1.0,2,1
p1_00303,302,counting,simple,BAD_WRONG,SM,False,False,False,0.0,1.0,0.5,5,0
p1_00304,303,counting,simple,MEDIUM_WRONG,WP,False,False,False,0.6666666666666666,1.0,1.0,1,0
p1_00305,304,counting,complex,MEDIUM_WRONG,AL,False,False,False,0.6666666666666666,0.75,1.0,1,1
p1_00306,305,counting,simple,BAD_WRONG,WP,False,False,False,0.5,1.0,1.0,1,0
p1_00307,306,rate,simple,MEDIUM_CORRECT,,True,True,False,0.5,1.0,1.0,2,0
p1_00308,307,counting,simple,BAD_WRONG,AL,False,False,False,0.6666666666666666,0.0,1.0,2,0
p1_00309,308,monetary,complex,BAD_WRONG,WP,False,False,False,0.5,1.0,1.0,1,0
p1_00310,309,counting,simple,GOOD,,True,True,False,1.0,1.0,1.0,0,0
p1_00311,310,time,simple,BAD_WRONG,SM,False,False,False,0.25,1.0,1.0,3,0
p1_00312,311,monetary,simple,MEDIUM_WRONG,WP,False,False,False,0.8,1.0,1.0,1,0
p1_00313,312,monetary,complex,BAD_WRONG,TR,False,False,False,0.0,1.0,0.75,3,0
p1_00314,313,monetary,medium,BAD_WRONG,AL,False,True,True,0.5,1.0,1.0,2,0
p1_00315,314,monetary,medium,GOOD,,True,True,False,1.0,1.0,1.0,0,0
p1_00316,315,time,simple,BAD_WRONG,AL,False,False,False,0.4,0.0,1.0,3,1
p1_00317,316,counting,medium,BAD_WRONG,SM,False,False,False,0.0,0.5,1.0,2,1
p1_00318,317,time,simple,MEDIUM_WRONG,WP,False,True,True,0.5,1.0,1.0,1,0
p1_00319,318,monetary,medium,MEDIUM_WRONG,SM,False,False,False,0.0,1.0,1.0,1,0
p1_00320,319,counting,simple,MEDIUM_CORRECT,,True,True,False,0.3333333333333333,1.0,1.0,2,0
p1_00321,320,monetary,simple,BAD_WRONG,NR,False,False,False,0.0,0.0,0.5,0,0
p1_00322,321,counting,simple,MEDIUM_WRONG,WP,False,False,False,0.6666666666666666,1.0,1.0,1,0
p1_00323,322,time,simple,MEDIUM_WRONG,WP,False,False,False,1.0,1.0,1.0,0,0
p1_00324,323,rate,simple,MEDIUM_WRONG,AL,False,True,True,0.75,0.0,1.0,1,1
p1_00325,324,time,simple,BAD_WRONG,SM,False,False,False,0.0,1.0,1.0,2,0
p1_00326,325,counting,simple,GOOD,,True,True,False,1.0,1.0,1.0,0,0
p1_00327,326,counting,simple,MEDIUM_CORRECT,,True,True,False,1.0,1.0,1.0,0,0
p1_00328,327,time,medium,BAD_WRONG,AL,False,False,False,0.5,1.0,1.0,1,0
p1_00329,328,monetary,simple,BAD_WRONG,WP,False,False,False,0.3333333333333333,1.0,0.6666666666666666,2,0
p1_00330,329,monetary,medium,GOOD,,True,True,False,1.0,1.0,1.0,0,0
p1_00331,330,counting,simple,MEDIUM_CORRECT,,True,True,False,0.6,0.6666666666666666,1.0,2,1
p1_00332,331,time,simple,BAD_WRONG,SM,False,False,False,0.25,1.0,1.0,3,0
p1_00333,332,time,simple,MEDIUM_CORRECT,,True,True,False,0.75,1.0,1.0,1,0
p1_00334,333,counting,medium,MEDIUM_WRONG,CE,False,False,False,0.5,0.0,1.0,1,1
p1_00335,334,time,simple,BAD_WRONG,SM,False,False,False,0.0,1.0,1.0,2,0
p1_00336,335,counting,simple,GOOD,,True,True,False,1.0,1.0,1.0,0,0
p1_00337,336,monetary,simple,BAD_WRONG,NR,False,False,False,0.0,0.0,1.0,0,0
p1_00338,337,counting,medium,BAD_WRONG,SM,False,True,True,0.0,1.0,0.75,4,0
p1_00339,338,time,complex,BAD_WRONG,AL,False,False,False,0.0,0.0,1.0,4,1
p1_00340,339,rate,simple,MEDIUM_CORRECT,,True,True,False,0.3333333333333333,1.0,1.0,2,0
p1_00341,340,monetary,simple,BAD_WRONG,SM,False,False,False,0.0,0.5,1.0,2,2
p1_00342,341,monetary,simple,GOOD,,True,True,False,1.0,1.0,1.0,0,0
p1_00343,342,time,complex,BAD_WRONG,TR,False,False,False,0.0,0.75,1.0,4,1
p1_00344,343,counting,simple,BAD_WRONG,SM,False,True,True,0.0,1.0,1.0,2,0
p1_00345,344,monetary,medium,BAD_WRONG,CE,False,False,False,0.3333333333333333,0.5,1.0,2,1
p1_00346,345,time,simple,BAD_WRONG,CE,False,False,False,0.5,0.6666666666666666,1.0,2,1
p1_00347,346,time,medium,BAD_WRONG,ST,False,False,False,0.25,0.6666666666666666,1.0,6,1
p1_00348,347,time,medium,BAD_WRONG,ST,False,False,False,0.2857142857142857,0.0,1.0,5,2
p1_00349,348,time,simple,BAD_WRONG,AL,False,False,False,0.3333333333333333,0.0,1.0,2,0
p1_00350,349,logic,simple,GOOD,,True,True,False,1.0,1.0,1.0,0,0
p1_00351,350,time,simple,BAD_WRONG,ST,False,True,True,0.0,1.0,1.0,3,0
p1_00352,351,counting,simple,BAD_WRONG,ST,False,False,False,0.25,0.5,1.0,3,1
p1_00353,352,counting,simple,MEDIUM_CORRECT,,True,True,False,0.6666666666666666,1.0,1.0,1,0
p1_00354,353,counting,simple,BAD_WRONG,TR,False,False,False,0.3333333333333333,1.0,1.0,2,0
p1_00355,354,time,complex,GOOD,,True,True,False,1.0,1.0,1.0,0,0
p1_00356,355,counting,simple,MEDIUM_CORRECT,,True,True,False,1.0,0.0,1.0,0,0
p1_00357,356,monetary,simple,BAD_WRONG,SM,False,True,True,0.0,1.0,1.0,2,0
p1_00358,357,counting,simple,MEDIUM_WRONG,CE,False,False,False,1.0,0.5,1.0,0,1
p1_00359,358,time,simple,BAD_WRONG,SM,False,False,False,0.0,1.0,1.0,2,0
p1_00360,359,time,simple,BAD_WRONG,NR,False,False,False,0.0,0.0,0.6666666666666666,3,0
p1_00361,360,time,simple,BAD_WRONG,WP,False,True,True,1.0,1.0,1.0,0,0
p1_00362,361,counting,simple,MEDIUM_WRONG,SM,False,False,False,0.0,0.5,1.0,1,1
p1_00363,362,counting,simple,BAD_WRONG,SM,False,False,False,0.0,1.0,1.0,2,0
p1_00364,363,time,complex,BAD_WRONG,SM,False,False,False,0.0,0.5,1.0,4,2
p1_00365,364,time,medium,MEDIUM_WRONG,WP,False,False,False,0.5,1.0,1.0,1,0
p1_00366,365,counting,simple,MEDIUM_WRONG,WP,False,False,False,0.6666666666666666,1.0,1.0,1,0
p1_00367,366,counting,medium,BAD_WRONG,AL,False,True,True,0.5,0.0,1.0,1,0
p1_00368,367,counting,simple,BAD_WRONG,TR,False,False,False,0.25,0.0,0.3333333333333333,3,1
p1_00369,368,monetary,medium,BAD_WRONG,UNCLASSIFIED,False,False,False,0.0,1.0,1.0,3,0
p1_00370,369,monetary,medium,MEDIUM_CORRECT,,True,True,False,1.0,1.0,1.0,0,0
p1_00371,370,monetary,simple,MEDIUM_CORRECT,,True,True,False,0.5,1.0,1.0,1,0
p1_00372,371,counting,simple,BAD_WRONG,WP,False,False,False,0.8,1.0,1.0,1,0
p1_00373,372,monetary,medium,BAD_WRONG,UNCLASSIFIED,False,False,False,0.0,0.75,0.75,4,1
p1_00374,373,time,simple,MEDIUM_WRONG,WP,False,False,False,0.6666666666666666,1.0,1.0,1,0
p1_00375,374,counting,simple,BAD_WRONG,WP,False,False,False,0.6,1.0,1.0,2,0
p1_00376,375,counting,complex,GOOD,,True,True,False,1.0,1.0,1.0,0,0
p1_00377,376,monetary,medium,GOOD,,True,True,False,1.0,1.0,1.0,0,0
p1_00378,377,counting,simple,GOOD,,True,True,False,1.0,1.0,1.0,0,0
p1_00379,378,counting,medium,BAD_WRONG,WP,False,True,True,0.5,1.0,1.0,1,0
p1_00380,379,counting,simple,GOOD,,True,True,False,1.0,1.0,1.0,0,0
p1_00381,380,counting,simple,BAD_WRONG,SM,False,False,False,0.0,0.5,1.0,2,1
p1_00382,381,counting,simple,GOOD,,True,True,False,1.0,1.0,1.0,0,0
p1_00383,382,counting,simple,MEDIUM_WRONG,WP,False,False,False,0.75,1.0,1.0,1,0
p1_00384,383,counting,simple,GOOD,,True,True,False,1.0,1.0,1.0,0,0
p1_00385,384,time,medium,BAD_WRONG,NR,False,True,True,0.0,0.0,1.0,2,0
p1_00386,385,time,simple,BAD_WRONG,CE,False,True,True,1.0,0.0,1.0,0,0
p1_00387,386,time,medium,BAD_WRONG,SM,False,False,False,0.0,0.5,1.0,2,1
p1_00388,387,counting,simple,BAD_WRONG,SM,False,False,False,0.2,1.0,1.0,4,0
p1_00389,388,counting,simple,BAD_WRONG,NR,False,False,False,0.0,0.0,1.0,3,0
p1_00390,389,monetary,medium,BAD_WRONG,NR,False,False,False,0.0,0.0,1.0,2,0
p1_00391,390,time,simple,MEDIUM_CORRECT,,True,True,False,0.5,1.0,1.0,1,0
p1_00392,391,time,medium,BAD_WRONG,AL,False,False,False,0.16666666666666666,1.0,1.0,5,0
p1_00393,392,counting,simple,BAD_WRONG,NR,False,False,False,0.0,0.0,1.0,1,0
p1_00394,393,time,medium,BAD_WRONG,SM,False,True,True,0.0,1.0,1.0,2,0
p1_00395,394,time,simple,BAD_WRONG,AL,False,False,False,0.3333333333333333,1.0,1.0,2,0
p1_00396,395,logic,simple,MEDIUM_WRONG,SM,False,False,False,0.0,1.0,1.0,1,0
p1_00397,396,monetary,medium,MEDIUM_CORRECT,,True,True,False,0.875,1.0,1.0,1,0
p1_00398,397,monetary,medium,BAD_WRONG,SM,False,False,False,0.0,1.0,1.0,4,0
p1_00399,398,monetary,medium,BAD_WRONG,ST,False,False,False,0.2,0.0,0.5,4,1
p1_00400,399,counting,medium,MEDIUM_CORRECT,,True,True,False,1.0,0.0,1.0,0,0
p1_00401,400,time,simple,BAD_WRONG,ST,False,False,False,0.0,1.0,1.0,3,0
p1_00402,401,logic,simple,MEDIUM_CORRECT,,True,True,False,0.0,0.3333333333333333,1.0,0,2
p1_00403,402,counting,simple,BAD_WRONG,CE,False,False,False,0.5,0.6666666666666666,1.0,2,1
p1_00404,403,counting,simple,BAD_WRONG,ST,False,False,False,0.0,1.0,1.0,3,0
p1_00405,404,monetary,complex,BAD_WRONG,AL,False,False,False,0.75,0.3333333333333333,1.0,1,2
p1_00406,405,counting,simple,MEDIUM_WRONG,ST,False,False,False,0.6666666666666666,1.0,1.0,1,0
p1_00407,406,time,simple,BAD_WRONG,SM,False,False,False,0.0,0.6666666666666666,1.0,3,1
p1_00408,407,time,medium,BAD_WRONG,CE,False,True,True,0.3333333333333333,0.0,1.0,2,0
p1_00409,408,monetary,simple,BAD_WRONG,UNCLASSIFIED,False,False,False,0.25,0.25,1.0,3,3
p1_00410,409,time,simple,BAD_WRONG,ST,False,False,False,0.3333333333333333,1.0,1.0,2,0
p1_00411,410,counting,medium,BAD_WRONG,TR,False,False,False,0.3333333333333333,0.0,1.0,2,1
p1_00412,411,time,medium,BAD_WRONG,SM,False,False,False,0.2,1.0,1.0,4,0
p1_00413,412,counting,simple,GOOD,,True,True,False,1.0,1.0,1.0,0,0
p1_00414,413,time,simple,GOOD,,True,True,False,1.0,1.0,1.0,0,0
p1_00415,414,time,simple,BAD_WRONG,WP,False,False,False,0.6666666666666666,1.0,1.0,2,0
p1_00416,415,monetary,simple,GOOD,,True,True,False,1.0,1.0,1.0,0,0
p1_00417,416,logic,simple,BAD_WRONG,NR,False,False,False,0.0,0.0,1.0,2,0
p1_00418,417,counting,complex,MEDIUM_WRONG,SM,False,False,False,0.0,1.0,0.8333333333333334,0,0
p1_00419,418,monetary,simple,GOOD,,True,True,False,1.0,1.0,1.0,0,0
p1_00420,419,counting,simple,BAD_WRONG,UNCLASSIFIED,False,False,False,0.0,1.0,1.0,3,0
p1_00421,420,counting,simple,MEDIUM_WRONG,WP,False,False,False,0.5,1.0,1.0,1,0
p1_00422,421,time,complex,BAD_WRONG,TR,False,False,False,1.0,0.0,0.8571428571428571,0,0
p1_00423,422,counting,medium,MEDIUM_CORRECT,,True,True,False,0.75,1.0,1.0,1,0
p1_00424,423,monetary,simple,BAD_WRONG,SM,False,True,True,0.0,1.0,1.0,2,0
p1_00425,424,counting,simple,BAD_WRONG,TR,False,False,False,0.0,0.0,1.0,2,2
p1_00426,425,time,simple,BAD_WRONG,SM,False,False,False,0.0,0.5,1.0,2,1
p1_00427,426,monetary,simple,MEDIUM_CORRECT,,True,True,False,1.0,1.0,1.0,0,0
p1_00428,427,counting,simple,BAD_WRONG,TR,False,True,True,0.0,1.0,1.0,2,0
p1_00429,428,time,medium,BAD_WRONG,SM,False,False,False,0.0,1.0,1.0,5,0
p1_00430,429,counting,simple,GOOD,,True,True,False,1.0,1.0,0.6666666666666666,0,0
p1_00431,430,time,medium,BAD_WRONG,SM,False,False,False,0.0,1.0,1.0,2,0
p1_00432,431,monetary,simple,MEDIUM_CORRECT,,True,True,False,0.5,1.0,1.0,1,0
p1_00433,432,rate,simple,BAD_WRONG,ST,False,True,True,0.4,1.0,1.0,3,0
p1_00434,433,monetary,simple,BAD_WRONG,SM,False,False,False,0.0,0.6666666666666666,1.0,2,1
p1_00435,434,monetary,simple,MEDIUM_CORRECT,,True,True,False,0.5,1.0,1.0,1,0
p1_00436,435,counting,simple,BAD_WRONG,SM,False,False,False,0.0,1.0,1.0,2,0
p1_00437,436,counting,simple,BAD_WRONG,ST,False,False,False,0.25,1.0,1.0,3,0
p1_00438,437,counting,simple,GOOD,,True,True,False,1.0,1.0,1.0,0,0
p1_00439,438,time,simple,MEDIUM_CORRECT,,True,True,False,1.0,1.0,1.0,0,0
p1_00440,439,time,simple,GOOD,,True,True,False,1.0,1.0,1.0,0,0
p1_00441,440,counting,simple,MEDIUM_WRONG,WP,False,False,False,0.5,1.0,1.0,1,0
p1_00442,441,time,simple,BAD_WRONG,SM,False,False,False,0.0,1.0,1.0,2,0
p1_00443,442,counting,simple,BAD_WRONG,TR,False,False,False,0.5,1.0,0.0,2,0
p1_00444,443,counting,simple,GOOD,,True,True,False,1.0,1.0,1.0,0,0
p1_00445,444,counting,simple,MEDIUM_WRONG,WP,False,False,False,0.5,1.0,1.0,1,0
p1_00446,445,time,simple,BAD_WRONG,SM,False,False,False,0.0,1.0,1.0,2,0
p1_00447,446,counting,simple,GOOD,,True,True,False,1.0,1.0,1.0,0,0
p1_00448,447,monetary,medium,BAD_WRONG,UNCLASSIFIED,False,False,False,0.25,0.5,1.0,3,1
p1_00449,448,time,complex,GOOD,,True,True,False,1.0,1.0,1.0,0,0
p1_00450,449,counting,medium,GOOD,,True,True,False,1.0,1.0,1.0,0,0
p1_00451,450,time,medium,BAD_WRONG,CE,False,False,False,1.0,0.0,1.0,0,0
p1_00452,451,counting,medium,BAD_WRONG,WP,False,False,False,0.75,1.0,1.0,1,0
p1_00453,452,monetary,simple,MEDIUM_CORRECT,,True,True,False,0.5,1.0,1.0,1,0
p1_00454,453,monetary,complex,GOOD,,True,True,False,1.0,1.0,0.5714285714285714,0,0
p1_00455,454,time,simple,MEDIUM_CORRECT,,True,True,False,0.5,1.0,1.0,1,0
p1_00456,455,monetary,simple,MEDIUM_CORRECT,,True,True,False,1.0,0.5,1.0,0,1
p1_00457,456,counting,simple,MEDIUM_WRONG,WP,False,True,True,0.6666666666666666,1.0,1.0,1,0
p1_00458,457,monetary,simple,MEDIUM_CORRECT,,True,True,False,0.5,1.0,1.0,1,0
p1_00459,458,time,simple,BAD_WRONG,SM,False,True,True,0.0,1.0,1.0,2,0
p1_00460,459,counting,simple,GOOD,,True,True,False,1.0,1.0,1.0,0,0
p1_00461,460,monetary,medium,BAD_WRONG,SM,False,False,False,0.0,1.0,0.5,2,0
p1_00462,461,monetary,simple,MEDIUM_CORRECT,,True,True,False,0.6,0.75,1.0,2,1
p1_00463,462,counting,simple,MEDIUM_WRONG,CE,False,False,False,1.0,0.5,1.0,0,1
p1_00464,463,counting,simple,BAD_WRONG,WP,False,False,False,0.3333333333333333,1.0,1.0,2,0
p1_00465,464,counting,simple,MEDIUM_WRONG,SM,False,False,False,0.0,1.0,1.0,1,0
p1_00466,465,counting,simple,BAD_WRONG,AL,False,False,False,0.6666666666666666,1.0,1.0,2,0
p1_00467,466,time,simple,MEDIUM_CORRECT,,True,True,False,0.6666666666666666,1.0,0.5,1,0
p1_00468,467,counting,simple,MEDIUM_CORRECT,,True,True,False,0.6,1.0,1.0,2,0
p1_00469,468,monetary,medium,GOOD,,True,True,False,1.0,1.0,1.0,0,0
p1_00470,469,rate,medium,BAD_WRONG,TR,False,False,False,0.0,0.0,1.0,1,0
p1_00471,470,counting,medium,GOOD,,True,True,False,1.0,1.0,1.0,0,0
p1_00472,471,time,simple,GOOD,,True,True,False,1.0,1.0,1.0,0,0
p1_00473,472,counting,medium,BAD_WRONG,CE,False,False,False,1.0,0.6666666666666666,1.0,0,1
p1_00474,473,counting,simple,BAD_WRONG,ST,False,False,False,0.3333333333333333,1.0,1.0,2,0
p1_00475,474,monetary,medium,BAD_WRONG,NR,False,False,False,0.0,0.0,0.6666666666666666,2,0
p1_00476,475,counting,simple,GOOD,,True,True,False,1.0,1.0,1.0,0,0
p1_00477,476,monetary,complex,BAD_WRONG,NR,False,False,False,0.2,0.0,0.3333333333333333,4,0
p1_00478,477,monetary,simple,BAD_WRONG,UNCLASSIFIED,False,False,False,0.0,0.0,1.0,4,2
p1_00479,478,monetary,simple,MEDIUM_WRONG,CE,False,False,False,0.5,0.0,1.0,1,1
p1_00480,479,time,simple,BAD_WRONG,WP,False,False,False,0.3333333333333333,1.0,1.0,2,0
p1_00481,480,counting,simple,BAD_WRONG,SM,False,False,False,0.0,1.0,1.0,2,0
p1_00482,481,monetary,simple,MEDIUM_WRONG,WP,False,False,False,0.6666666666666666,1.0,1.0,1,0
p1_00483,482,counting,simple,BAD_WRONG,NR,False,False,False,0.0,0.0,0.6666666666666666,2,0
p1_00484,483,rate,simple,BAD_WRONG,NR,False,False,False,0.0,0.0,1.0,1,0
p1_00485,484,monetary,medium,BAD_WRONG,CE,False,False,False,0.3333333333333333,0.5,0.5,2,1
p1_00486,485,rate,medium,BAD_WRONG,CE,False,True,True,0.5,0.6666666666666666,1.0,2,1
p1_00487,486,counting,simple,MEDIUM_WRONG,WP,False,False,False,0.8,1.0,1.0,1,0
p1_00488,487,counting,simple,MEDIUM_CORRECT,,True,True,False,1.0,1.0,1.0,0,0
p1_00489,488,counting,simple,BAD_WRONG,SM,False,False,False,0.0,1.0,1.0,2,0
p1_00490,489,rate,simple,BAD_WRONG,SM,False,True,True,0.25,1.0,1.0,3,0
p1_00491,490,monetary,medium,BAD_WRONG,CE,False,False,False,0.42857142857142855,0.8333333333333334,1.0,4,1
p1_00492,491,rate,simple,BAD_WRONG,SM,False,False,False,0.0,1.0,1.0,2,0
p1_00493,492,counting,simple,BAD_WRONG,ST,False,True,True,0.0,1.0,1.0,4,0
p1_00494,493,time,simple,BAD_WRONG,AL,False,True,True,0.5,0.0,1.0,1,0
p1_00495,494,counting,simple,GOOD,,True,True,False,1.0,1.0,1.0,0,0
p1_00496,495,time,simple,BAD_WRONG,WP,False,False,False,0.4,1.0,1.0,3,0
p1_00497,496,counting,simple,GOOD,,True,True,False,1.0,1.0,1.0,0,0
p1_00498,497,counting,simple,MEDIUM_CORRECT,,True,True,False,1.0,0.5,1.0,0,1
p1_00499,498,counting,simple,GOOD,,True,True,False,1.0,1.0,1.0,0,0
p1_00500,499,time,simple,BAD_WRONG,TR,False,False,False,0.0,1.0,1.0,3,0
p1_00501,500,time,simple,GOOD,,True,True,False,1.0,1.0,1.0,0,0
p1_00502,501,counting,medium,BAD_WRONG,WP,False,False,False,0.3333333333333333,1.0,0.75,2,0
p1_00503,502,time,medium,BAD_WRONG,ST,False,False,False,0.5,1.0,1.0,2,0
p1_00504,503,counting,simple,MEDIUM_CORRECT,,True,True,False,1.0,1.0,1.0,0,0
p1_00505,504,time,simple,BAD_WRONG,NR,False,False,False,0.0,0.0,0.3333333333333333,2,0
p1_00506,505,counting,simple,MEDIUM_WRONG,WP,False,False,False,0.6666666666666666,1.0,1.0,1,0
p1_00507,506,time,simple,BAD_WRONG,SM,False,False,False,0.2,1.0,1.0,4,0
p1_00508,507,counting,medium,BAD_WRONG,SM,False,False,False,0.2,0.75,1.0,4,1
p1_00509,508,rate,simple,BAD_WRONG,ST,False,False,False,0.25,1.0,1.0,3,0
p1_00510,509,monetary,simple,BAD_WRONG,AL,False,False,False,0.0,1.0,1.0,5,0
p1_00511,510,rate,simple,BAD_WRONG,SM,False,False,False,0.0,1.0,0.6666666666666666,2,0
p1_00512,511,rate,medium,BAD_WRONG,TR,False,False,False,0.3333333333333333,0.0,1.0,2,0
p1_00513,512,time,medium,BAD_WRONG,NR,False,False,False,0.0,0.0,0.6,4,0
p1_00514,513,counting,simple,BAD_WRONG,SM,False,False,False,0.0,1.0,1.0,2,0
p1_00515,514,time,medium,BAD_WRONG,SM,False,False,False,0.25,1.0,1.0,3,0
p1_00516,515,counting,simple,GOOD,,True,True,False,1.0,1.0,1.0,0,0
p1_00517,516,counting,simple,BAD_WRONG,ST,False,False,False,0.0,0.0,1.0,4,1
p1_00518,517,counting,simple,BAD_WRONG,WP,False,False,False,0.3333333333333333,1.0,1.0,2,0
p1_00519,518,time,simple,GOOD,,True,True,False,1.0,1.0,1.0,0,0
p1_00520,519,monetary,simple,MEDIUM_WRONG,SM,False,True,True,0.0,1.0,1.0,1,0
p1_00521,520,counting,simple,MEDIUM_CORRECT,,True,True,False,0.5,0.5,1.0,1,1
p1_00522,521,logic,simple,MEDIUM_WRONG,ST,False,True,True,0.75,1.0,1.0,1,0
p1_00523,522,monetary,simple,MEDIUM_WRONG,WP,False,False,False,0.6666666666666666,1.0,1.0,1,0
p1_00524,523,counting,simple,BAD_WRONG,SM,False,False,False,0.0,1.0,1.0,2,0
p1_00525,524,time,simple,BAD_WRONG,CE,False,False,False,0.3333333333333333,0.75,1.0,2,1
p1_00526,525,counting,medium,BAD_WRONG,ST,False,False,False,0.14285714285714285,1.0,1.0,6,0
p1_00527,526,rate,complex,BAD_WRONG,CE,False,False,False,0.5,0.75,1.0,3,1
p1_00528,527,monetary,medium,MEDIUM_CORRECT,,True,True,False,0.3333333333333333,1.0,1.0,2,0
p1_00529,528,counting,simple,BAD_WRONG,UNCLASSIFIED,False,True,True,0.0,0.0,1.0,2,1
p1_00530,529,counting,simple,GOOD,,True,True,False,1.0,1.0,1.0,0,0
p1_00531,530,counting,complex,BAD_WRONG,CE,False,False,False,0.5,0.3333333333333333,1.0,1,2
p1_00532,531,counting,simple,GOOD,,True,True,False,1.0,1.0,1.0,0,0
p1_00533,532,counting,simple,GOOD,,True,True,False,1.0,1.0,1.0,0,0
p1_00534,533,time,simple,BAD_WRONG,WP,False,False,False,0.3333333333333333,1.0,1.0,2,0
p1_00535,534,monetary,medium,BAD_WRONG,WP,False,False,False,0.3333333333333333,1.0,1.0,2,0
p1_00536,535,time,simple,GOOD,,True,True,False,1.0,1.0,1.0,0,0
p1_00537,536,counting,simple,MEDIUM_WRONG,SM,False,False,False,0.0,1.0,1.0,1,0
p1_00538,537,monetary,simple,BAD_WRONG,WP,False,False,False,0.5,1.0,1.0,2,0
p1_00539,538,counting,simple,BAD_WRONG,SM,False,False,False,0.0,1.0,1.0,4,0
p1_00540,539,counting,simple,GOOD,,True,True,False,1.0,1.0,1.0,0,0
p1_00541,540,counting,simple,GOOD,,True,True,False,1.0,1.0,1.0,0,0
p1_00542,541,counting,simple,MEDIUM_CORRECT,,True,True,False,0.5,1.0,1.0,1,0
p1_00543,542,counting,complex,MEDIUM_WRONG,SM,False,False,False,0.0,1.0,0.5,1,0
p1_00544,543,time,simple,GOOD,,True,True,False,1.0,1.0,1.0,0,0
p1_00545,544,monetary,complex,BAD_WRONG,ST,False,False,False,0.0,1.0,0.75,7,0
p1_00546,545,counting,medium,BAD_WRONG,SM,False,False,False,0.0,0.75,0.6666666666666666,3,1
p1_00547,546,counting,simple,GOOD,,True,True,False,1.0,1.0,1.0,0,0
p1_00548,547,time,medium,BAD_WRONG,SM,False,False,False,0.0,1.0,1.0,2,0
p1_00549,548,counting,medium,BAD_WRONG,CE,False,False,False,0.4,0.75,0.75,3,1
p1_00550,549,counting,medium,BAD_WRONG,WP,False,False,False,0.3333333333333333,1.0,1.0,2,0
p1_00551,550,counting,simple,BAD_WRONG,TR,False,False,False,0.0,0.5,1.0,3,1
p1_00552,551,counting,medium,BAD_WRONG,SM,False,False,False,0.25,1.0,0.75,3,0
p1_00553,552,monetary,medium,BAD_WRONG,CE,False,False,False,0.3333333333333333,0.0,1.0,2,4
p1_00554,553,time,medium,GOOD,,True,True,False,1.0,1.0,1.0,0,0
p1_00555,554,counting,simple,GOOD,,True,True,False,1.0,1.0,1.0,0,0
p1_00556,555,monetary,simple,BAD_WRONG,AL,False,False,False,0.5,0.0,1.0,1,1
p1_00557,556,counting,simple,MEDIUM_WRONG,SM,False,False,False,0.0,0.5,1.0,1,1
p1_00558,557,monetary,simple,GOOD,,True,True,False,1.0,1.0,1.0,0,0
p1_00559,558,counting,simple,BAD_WRONG,SM,False,False,False,0.0,1.0,1.0,2,0
p1_00560,559,time,medium,BAD_WRONG,NR,False,False,False,0.0,0.0,1.0,1,0
p1_00561,560,monetary,medium,BAD_WRONG,WP,False,True,True,0.6,1.0,1.0,2,0
p1_00562,561,time,complex,MEDIUM_WRONG,WP,False,False,False,0.8,1.0,1.0,1,0
p1_00563,562,counting,simple,MEDIUM_WRONG,CE,False,False,False,0.75,0.5,1.0,1,1
p1_00564,563,counting,simple,MEDIUM_WRONG,CE,False,False,False,0.5,0.5,1.0,1,1
p1_00565,564,counting,simple,GOOD,,True,True,False,1.0,1.0,1.0,0,0
p1_00566,565,counting,simple,BAD_WRONG,AL,False,False,False,0.0,0.0,1.0,5,1
p1_00567,566,time,simple,BAD_WRONG,NR,False,False,False,0.0,0.0,1.0,2,0
p1_00568,567,rate,simple,BAD_WRONG,UNCLASSIFIED,False,True,True,0.25,0.6666666666666666,1.0,3,1
p1_00569,568,monetary,simple,BAD_WRONG,SM,False,False,False,0.0,1.0,1.0,2,0
p1_00570,569,counting,simple,BAD_WRONG,SM,False,False,False,0.0,0.5,1.0,2,2
p1_00571,570,counting,complex,BAD_WRONG,WP,False,False,False,0.6666666666666666,1.0,1.0,1,0
p1_00572,571,counting,medium,BAD_WRONG,UNCLASSIFIED,False,False,False,0.1111111111111111,1.0,1.0,8,0
p1_00573,572,counting,simple,BAD_WRONG,CE,False,True,True,0.5,0.0,1.0,1,1
p1_00574,573,counting,medium,BAD_WRONG,SM,False,True,True,0.0,0.6666666666666666,1.0,3,1
p1_00575,574,monetary,medium,MEDIUM_CORRECT,,True,True,False,1.0,1.0,1.0,0,0
p1_00576,575,monetary,simple,MEDIUM_CORRECT,,True,True,False,1.0,0.5,1.0,0,1
p1_00577,576,counting,complex,BAD_WRONG,CE,False,False,False,0.4,0.75,1.0,3,1
p1_00578,577,monetary,medium,MEDIUM_CORRECT,,True,True,False,0.5,1.0,1.0,2,0
p1_00579,578,monetary,simple,MEDIUM_CORRECT,,True,True,False,0.5,0.6666666666666666,1.0,1,1
p1_00580,579,counting,simple,BAD_WRONG,NR,False,False,False,0.0,0.0,1.0,2,0
p1_00581,580,counting,simple,GOOD,,True,True,False,1.0,1.0,1.0,0,0
p1_00582,581,counting,simple,BAD_WRONG,UNCLASSIFIED,False,False,False,0.25,0.3333333333333333,1.0,3,2
p1_00583,582,time,simple,BAD_WRONG,NR,False,False,False,0.0,0.0,1.0,2,0
p1_00584,583,time,simple,GOOD,,True,True,False,1.0,1.0,1.0,0,0
p1_00585,584,monetary,simple,GOOD,,True,True,False,1.0,1.0,1.0,0,0
p1_00586,585,time,simple,BAD_WRONG,WP,False,False,False,1.0,1.0,1.0,0,0
p1_00587,586,counting,simple,BAD_WRONG,CE,False,False,False,0.3333333333333333,0.6666666666666666,1.0,2,1
p1_00588,587,monetary,simple,GOOD,,True,True,False,1.0,1.0,1.0,0,0
p1_00589,588,rate,medium,BAD_WRONG,ST,False,True,True,0.5,1.0,0.75,2,0
p1_00590,589,counting,simple,MEDIUM_WRONG,WP,False,False,False,0.5,1.0,1.0,1,0
p1_00591,590,counting,simple,MEDIUM_WRONG,WP,False,False,False,0.75,1.0,1.0,1,0
p1_00592,591,time,medium,BAD_WRONG,NR,False,False,False,0.0,0.0,1.0,0,0
p1_00593,592,time,simple,BAD_WRONG,NR,False,False,False,0.0,0.0,1.0,3,0
p1_00594,593,counting,simple,BAD_WRONG,UNCLASSIFIED,False,False,False,0.0,0.0,1.0,2,1
p1_00595,594,counting,simple,MEDIUM_CORRECT,,True,True,False,1.0,0.75,1.0,0,1
p1_00596,595,counting,simple,MEDIUM_CORRECT,,True,True,False,1.0,1.0,1.0,0,0
p1_00597,596,counting,simple,BAD_WRONG,AL,False,True,True,0.0,1.0,1.0,1,0
p1_00598,597,time,medium,MEDIUM_CORRECT,,True,True,False,1.0,1.0,1.0,0,0
p1_00599,598,counting,simple,GOOD,,True,True,False,1.0,1.0,1.0,0,0
p1_00600,599,monetary,complex,MEDIUM_WRONG,CE,False,False,False,0.8333333333333334,0.8333333333333334,1.0,1,1
p1_00601,600,monetary,simple,MEDIUM_CORRECT,,True,True,False,1.0,1.0,1.0,0,0
p1_00602,601,monetary,medium,BAD_WRONG,WP,False,True,True,0.3333333333333333,1.0,1.0,2,0
p1_00603,602,counting,simple,BAD_WRONG,WP,False,True,True,0.3333333333333333,1.0,1.0,2,0
p1_00604,603,counting,simple,MEDIUM_WRONG,WP,False,True,True,0.5,1.0,1.0,1,0
p1_00605,604,counting,simple,BAD_WRONG,CE,False,False,False,0.8,0.3333333333333333,1.0,1,2
p1_00606,605,monetary,simple,BAD_WRONG,SM,False,False,False,0.0,0.5,1.0,2,1
p1_00607,606,counting,simple,GOOD,,True,True,False,1.0,1.0,1.0,0,0
p1_00608,607,counting,simple,GOOD,,True,True,False,1.0,1.0,1.0,0,0
p1_00609,608,time,medium,BAD_WRONG,UNCLASSIFIED,False,False,False,0.0,0.25,1.0,3,3
p1_00610,609,counting,simple,MEDIUM_CORRECT,,True,True,False,1.0,0.75,1.0,0,1
p1_00611,610,counting,simple,BAD_WRONG,TR,False,True,True,0.0,1.0,1.0,2,0
p1_00612,611,counting,simple,MEDIUM_CORRECT,,True,True,False,1.0,0.0,1.0,0,0
p1_00613,612,counting,simple,GOOD,,True,True,False,1.0,1.0,1.0,0,0
p1_00614,613,rate,simple,MEDIUM_CORRECT,,True,True,False,1.0,1.0,1.0,0,0
p1_00615,614,monetary,medium,BAD_WRONG,WP,False,True,True,0.5,1.0,1.0,2,0
p1_00616,615,counting,simple,BAD_WRONG,CE,False,False,False,0.5,0.8,1.0,2,1
p1_00617,616,rate,simple,MEDIUM_CORRECT,,True,True,False,0.6666666666666666,1.0,1.0,1,0
p1_00618,617,counting,simple,BAD_WRONG,SM,False,True,True,0.0,1.0,1.0,2,0
p1_00619,618,counting,simple,BAD_WRONG,AL,False,False,False,0.3333333333333333,0.5,1.0,2,1
p1_00620,619,monetary,complex,BAD_WRONG,AL,False,False,False,0.2,0.6666666666666666,0.8,4,1
p1_00621,620,monetary,simple,BAD_WRONG,NR,False,True,True,0.0,0.0,1.0,3,0
p1_00622,621,time,simple,MEDIUM_WRONG,CE,False,True,True,0.5,0.6666666666666666,1.0,1,1
p1_00623,622,counting,simple,MEDIUM_WRONG,CE,False,True,True,0.5,0.0,1.0,1,1
p1_00624,623,monetary,simple,BAD_WRONG,UNCLASSIFIED,False,False,False,0.0,0.0,1.0,2,1
p1_00625,624,counting,simple,GOOD,,True,True,False,1.0,1.0,1.0,0,0
p1_00626,625,rate,medium,BAD_WRONG,ST,False,False,False,0.0,1.0,0.75,3,0
p1_00627,626,time,simple,BAD_WRONG,AL,False,False,False,1.0,1.0,1.0,0,0
p1_00628,627,monetary,simple,BAD_WRONG,WP,False,True,True,0.75,1.0,1.0,1,0
p1_00629,628,counting,simple,MEDIUM_WRONG,WP,False,False,False,0.5,1.0,1.0,1,0
p1_00630,629,counting,simple,MEDIUM_WRONG,TR,False,False,False,0.75,1.0,0.6666666666666666,1,0
p1_00631,630,monetary,medium,BAD_WRONG,AL,False,True,True,0.0,0.0,0.75,2,2
p1_00632,631,rate,simple,BAD_WRONG,NR,False,False,False,0.0,0.0,1.0,1,0
p1_00633,632,monetary,medium,BAD_WRONG,WP,False,False,False,0.6,1.0,1.0,2,0
p1_00634,633,monetary,simple,MEDIUM_CORRECT,,True,True,False,1.0,0.6666666666666666,1.0,0,1
p1_00635,634,time,simple,BAD_WRONG,WP,False,True,True,0.4,1.0,1.0,3,0
p1_00636,635,rate,simple,BAD_WRONG,SM,False,False,False,0.0,1.0,1.0,3,0
p1_00637,636,counting,simple,BAD_WRONG,SM,False,False,False,0.0,1.0,1.0,2,0
p1_00638,637,time,simple,BAD_WRONG,NR,False,False,False,0.0,0.0,1.0,2,0
p1_00639,638,rate,simple,BAD_WRONG,ST,False,False,False,0.3333333333333333,0.0,1.0,2,1
p1_00640,639,rate,complex,BAD_WRONG,AL,False,False,False,0.3333333333333333,1.0,1.0,4,0
p1_00641,640,monetary,medium,MEDIUM_WRONG,WP,False,False,False,0.75,1.0,1.0,1,0
p1_00642,641,counting,simple,GOOD,,True,True,False,1.0,1.0,1.0,0,0
p1_00643,642,monetary,simple,MEDIUM_CORRECT,,True,True,False,0.5,1.0,1.0,1,0
p1_00644,643,counting,simple,MEDIUM_WRONG,WP,False,False,False,0.5,1.0,1.0,1,0
p1_00645,644,monetary,simple,BAD_WRONG,WP,False,False,False,0.3333333333333333,1.0,1.0,2,0
p1_00646,645,rate,simple,BAD_WRONG,SM,False,False,False,0.25,0.5,1.0,3,1
p1_00647,646,logic,simple,MEDIUM_WRONG,SM,False,True,True,0.0,1.0,0.5,1,0
p1_00648,647,time,simple,MEDIUM_WRONG,SM,False,True,True,0.0,0.6666666666666666,1.0,1,1
p1_00649,648,rate,simple,MEDIUM_CORRECT,,True,True,False,0.8,1.0,1.0,1,0
p1_00650,649,counting,simple,BAD_WRONG,SM,False,False,False,0.25,1.0,0.6666666666666666,3,0
p1_00651,650,time,medium,BAD_WRONG,SM,False,False,False,0.0,1.0,1.0,2,0
p1_00652,651,monetary,medium,BAD_WRONG,ST,False,False,False,0.5,1.0,1.0,2,0
p1_00653,652,monetary,complex,BAD_WRONG,CE,False,False,False,0.6666666666666666,0.5,1.0,2,2
p1_00654,653,monetary,complex,BAD_WRONG,AL,False,False,False,0.4,1.0,0.8333333333333334,3,0
p1_00655,654,monetary,complex,MEDIUM_WRONG,CE,False,False,False,0.75,0.5,1.0,1,1
p1_00656,655,counting,simple,BAD_WRONG,WP,False,False,False,0.4,1.0,1.0,3,0
p1_00657,656,counting,simple,MEDIUM_WRONG,WP,False,True,True,0.5,1.0,1.0,1,0
p1_00658,657,counting,simple,MEDIUM_WRONG,SM,False,False,False,0.0,0.5,1.0,1,1
p1_00659,658,counting,simple,GOOD,,True,True,False,1.0,1.0,1.0,0,0
p1_00660,659,counting,simple,BAD_WRONG,SM,False,False,False,0.0,0.75,1.0,3,1
p1_00661,660,counting,simple,MEDIUM_WRONG,WP,False,True,True,0.5,1.0,1.0,1,0
p1_00662,661,counting,simple,BAD_WRONG,WP,False,True,True,0.5,1.0,1.0,2,0
p1_00663,662,time,simple,BAD_WRONG,UNCLASSIFIED,False,False,False,0.0,0.0,1.0,2,1
p1_00664,663,time,complex,MEDIUM_CORRECT,,True,True,False,0.6666666666666666,1.0,0.6666666666666666,1,0
p1_00665,664,counting,simple,GOOD,,True,True,False,1.0,1.0,1.0,0,0
p1_00666,665,time,simple,MEDIUM_WRONG,SM,False,False,False,0.0,1.0,1.0,1,0
p1_00667,666,time,medium,GOOD,,True,True,False,1.0,1.0,1.0,0,0
p1_00668,667,monetary,simple,BAD_WRONG,UNCLASSIFIED,False,False,False,0.25,1.0,1.0,3,0
p1_00669,668,counting,medium,BAD_WRONG,TR,False,False,False,0.0,0.0,1.0,3,0
p1_00670,669,time,simple,GOOD,,True,True,False,1.0,1.0,1.0,0,0
p1_00671,670,monetary,simple,BAD_WRONG,WP,False,False,False,0.6,1.0,1.0,2,0
p1_00672,671,monetary,simple,BAD_WRONG,WP,False,True,True,0.6666666666666666,1.0,1.0,1,0
p1_00673,672,counting,simple,MEDIUM_CORRECT,,True,True,False,1.0,1.0,1.0,0,0
p1_00674,673,time,medium,GOOD,,True,True,False,1.0,1.0,1.0,0,0
p1_00675,674,counting,simple,MEDIUM_CORRECT,,True,True,False,1.0,0.0,1.0,0,0
p1_00676,675,counting,medium,BAD_WRONG,WP,False,True,True,0.3333333333333333,1.0,1.0,4,0
p1_00677,676,counting,simple,GOOD,,True,True,False,1.0,1.0,1.0,0,0
p1_00678,677,time,simple,GOOD,,True,True,False,1.0,1.0,1.0,0,0
p1_00679,678,counting,medium,BAD_WRONG,SM,False,True,True,0.25,1.0,1.0,3,0
p1_00680,679,time,medium,BAD_WRONG,WP,False,False,False,0.5,1.0,1.0,2,0
p1_00681,680,monetary,medium,BAD_WRONG,CE,False,True,True,0.3333333333333333,0.0,1.0,2,0
p1_00682,681,counting,complex,GOOD,,True,True,False,1.0,1.0,1.0,0,0
p1_00683,682,counting,simple,BAD_WRONG,ST,False,False,False,0.3333333333333333,1.0,1.0,2,0
p1_00684,683,logic,simple,BAD_WRONG,SM,False,True,True,0.0,1.0,1.0,3,0
p1_00685,684,counting,simple,BAD_WRONG,UNCLASSIFIED,False,False,False,0.0,1.0,1.0,4,0
p1_00686,685,time,simple,MEDIUM_WRONG,WP,False,True,True,1.0,1.0,1.0,0,0
p1_00687,686,time,simple,MEDIUM_CORRECT,,True,True,False,1.0,1.0,1.0,0,0
p1_00688,687,time,simple,MEDIUM_WRONG,WP,False,False,False,0.6666666666666666,1.0,1.0,1,0
p1_00689,688,monetary,medium,GOOD,,True,True,False,1.0,1.0,1.0,0,0
p1_00690,689,counting,simple,BAD_WRONG,NR,False,True,True,0.0,0.0,1.0,0,0
p1_00691,690,monetary,complex,BAD_WRONG,SM,False,False,False,0.0,0.8,0.8333333333333334,3,1
p1_00692,691,counting,simple,BAD_WRONG,SM,False,False,False,0.0,1.0,1.0,2,0
p1_00693,692,time,simple,BAD_WRONG,SM,False,True,True,0.0,1.0,1.0,2,0
p1_00694,693,monetary,simple,MEDIUM_CORRECT,,True,True,False,0.75,1.0,1.0,1,0
p1_00695,694,time,simple,BAD_WRONG,NR,False,False,False,0.0,0.0,1.0,0,0
p1_00696,695,counting,simple,BAD_WRONG,UNCLASSIFIED,False,False,False,0.0,0.25,1.0,3,3
p1_00697,696,time,simple,MEDIUM_CORRECT,,True,True,False,1.0,0.0,1.0,0,0
p1_00698,697,counting,simple,GOOD,,True,True,False,1.0,1.0,1.0,0,0
p1_00699,698,counting,simple,BAD_WRONG,CE,False,True,True,0.5,0.6666666666666666,1.0,2,1
p1_00700,699,counting,simple,MEDIUM_WRONG,CE,False,False,False,0.6666666666666666,0.6666666666666666,1.0,1,1
p1_00701,700,monetary,simple,BAD_WRONG,SM,False,False,False,0.25,1.0,0.6666666666666666,3,0
p1_00702,701,counting,simple,GOOD,,True,True,False,1.0,1.0,1.0,0,0
p1_00703,702,time,simple,BAD_WRONG,ST,False,False,False,0.4,1.0,1.0,3,0
p1_00704,703,rate,complex,BAD_WRONG,AL,False,False,False,0.5,1.0,1.0,3,0
p1_00705,704,time,medium,BAD_WRONG,WP,False,True,True,0.3333333333333333,1.0,1.0,2,0
p1_00706,705,time,medium,BAD_WRONG,ST,False,False,False,0.6,0.5,0.6666666666666666,2,1
p1_00707,706,counting,simple,MEDIUM_CORRECT,,True,True,False,0.6666666666666666,1.0,1.0,1,0
p1_00708,707,counting,complex,MEDIUM_WRONG,WP,False,False,False,0.6666666666666666,1.0,1.0,1,0
p1_00709,708,time,simple,GOOD,,True,True,False,1.0,1.0,1.0,0,0
p1_00710,709,counting,simple,BAD_WRONG,WP,False,False,False,0.4,1.0,1.0,3,0
p1_00711,710,monetary,simple,BAD_WRONG,SM,False,False,False,0.0,1.0,0.6666666666666666,4,0
p1_00712,711,monetary,simple,MEDIUM_CORRECT,,True,True,False,0.5,0.0,1.0,1,0
p1_00713,712,counting,simple,GOOD,,True,True,False,1.0,1.0,1.0,0,0
p1_00714,713,time,medium,MEDIUM_CORRECT,,True,True,False,1.0,1.0,1.0,0,0
p1_00715,714,counting,medium,BAD_WRONG,SM,False,False,False,0.0,1.0,1.0,2,0
p1_00716,715,monetary,simple,BAD_WRONG,NR,False,False,False,0.0,0.0,1.0,2,0
p1_00717,716,counting,simple,MEDIUM_WRONG,WP,False,False,False,0.6666666666666666,1.0,1.0,1,0
p1_00718,717,counting,simple,GOOD,,True,True,False,1.0,1.0,1.0,0,0
p1_00719,718,counting,simple,GOOD,,True,True,False,1.0,1.0,1.0,0,0
p1_00720,719,counting,simple,MEDIUM_CORRECT,,True,True,False,0.5,1.0,1.0,1,0
p1_00721,720,counting,simple,MEDIUM_WRONG,TR,False,False,False,1.0,1.0,1.0,0,0
p1_00722,721,counting,simple,MEDIUM_WRONG,WP,False,False,False,0.5,1.0,1.0,1,0
p1_00723,722,counting,simple,BAD_WRONG,ST,False,False,False,0.25,1.0,0.5,3,0
p1_00724,723,counting,medium,BAD_WRONG,SM,False,True,True,0.25,1.0,1.0,3,0
p1_00725,724,counting,complex,BAD_WRONG,CE,False,False,False,0.5,0.8333333333333334,1.0,3,1
p1_00726,725,time,simple,BAD_WRONG,ST,False,False,False,0.14285714285714285,1.0,1.0,6,0
p1_00727,726,counting,medium,BAD_WRONG,SM,False,False,False,0.0,0.5,1.0,3,1
p1_00728,727,counting,medium,MEDIUM_CORRECT,,True,True,False,0.5,1.0,1.0,1,0
p1_00729,728,monetary,simple,GOOD,,True,True,False,1.0,1.0,1.0,0,0
p1_00730,729,time,simple,BAD_WRONG,ST,False,False,False,0.3333333333333333,1.0,1.0,2,0
p1_00731,730,time,medium,BAD_WRONG,SM,False,False,False,0.0,1.0,0.6666666666666666,2,0
p1_00732,731,monetary,simple,GOOD,,True,True,False,1.0,1.0,1.0,0,0
p1_00733,732,rate,simple,BAD_WRONG,ST,False,False,False,0.0,1.0,0.6666666666666666,3,0
p1_00734,733,counting,simple,MEDIUM_CORRECT,,True,True,False,0.75,1.0,1.0,1,0
p1_00735,734,counting,medium,BAD_WRONG,ST,False,False,False,0.0,0.5,1.0,5,1
p1_00736,735,counting,simple,MEDIUM_CORRECT,,True,True,False,1.0,0.0,1.0,0,0
p1_00737,736,time,simple,BAD_WRONG,UNCLASSIFIED,False,False,False,0.0,0.5,1.0,4,1
p1_00738,737,logic,simple,BAD_WRONG,NR,False,False,False,0.0,0.0,1.0,2,0
p1_00739,738,monetary,simple,BAD_WRONG,WP,False,False,False,0.3333333333333333,1.0,1.0,2,0
p1_00740,739,counting,simple,MEDIUM_WRONG,CE,False,False,False,1.0,0.75,1.0,0,1
p1_00741,740,rate,medium,BAD_WRONG,UNCLASSIFIED,False,False,False,0.25,0.3333333333333333,1.0,3,2
p1_00742,741,time,simple,BAD_WRONG,WP,False,False,False,0.5,1.0,1.0,1,0
p1_00743,742,monetary,complex,BAD_WRONG,WP,False,False,False,0.42857142857142855,1.0,1.0,4,0
p1_00744,743,time,medium,BAD_WRONG,NR,False,True,True,0.0,0.0,1.0,3,0
p1_00745,744,counting,simple,BAD_WRONG,SM,False,False,False,0.0,1.0,0.6666666666666666,2,0
p1_00746,745,logic,medium,BAD_WRONG,SM,False,True,True,0.25,1.0,1.0,3,0
p1_00747,746,counting,simple,GOOD,,True,True,False,1.0,1.0,1.0,0,0
p1_00748,747,counting,medium,MEDIUM_WRONG,WP,False,False,False,0.6666666666666666,1.0,1.0,1,0
p1_00749,748,rate,simple,BAD_WRONG,ST,False,False,False,0.0,1.0,1.0,3,0
p1_00750,749,percentage,simple,MEDIUM_WRONG,SM,False,False,False,0.0,1.0,1.0,1,0
p1_00751,750,counting,medium,MEDIUM_WRONG,CE,False,False,False,1.0,0.6666666666666666,1.0,0,1
p1_00752,751,time,simple,BAD_WRONG,CE,False,True,True,0.5,0.0,1.0,1,1
p1_00753,752,time,medium,BAD_WRONG,SM,False,False,False,0.0,1.0,1.0,3,0
p1_00754,753,monetary,simple,GOOD,,True,True,False,1.0,1.0,1.0,0,0
p1_00755,754,rate,medium,BAD_WRONG,ST,False,True,True,0.3333333333333333,1.0,1.0,2,0
p1_00756,755,monetary,simple,MEDIUM_WRONG,SM,False,False,False,0.0,1.0,1.0,1,0
p1_00757,756,monetary,simple,MEDIUM_CORRECT,,True,True,False,1.0,0.5,1.0,0,1
p1_00758,757,counting,simple,BAD_WRONG,TR,False,False,False,0.3333333333333333,1.0,1.0,2,0
p1_00759,758,counting,medium,BAD_WRONG,CE,False,False,False,0.6,0.75,1.0,2,1
p1_00760,759,counting,simple,GOOD,,True,True,False,1.0,1.0,1.0,0,0
p1_00761,760,time,simple,BAD_WRONG,SM,False,False,False,0.0,0.5,1.0,3,1
p1_00762,761,monetary,simple,GOOD,,True,True,False,1.0,1.0,1.0,0,0
p1_00763,762,counting,simple,GOOD,,True,True,False,1.0,1.0,1.0,0,0
p1_00764,763,counting,simple,BAD_WRONG,NR,False,False,False,0.0,0.0,1.0,4,0
p1_00765,764,monetary,medium,BAD_WRONG,CE,False,False,False,0.3333333333333333,0.6666666666666666,1.0,2,1
p1_00766,765,monetary,medium,BAD_WRONG,WP,False,False,False,0.3333333333333333,1.0,0.8,4,0
p1_00767,766,time,medium,MEDIUM_CORRECT,,True,True,False,1.0,0.0,1.0,0,0
p1_00768,767,rate,simple,GOOD,,True,True,False,1.0,1.0,1.0,0,0
p1_00769,768,logic,simple,BAD_WRONG,TR,False,False,False,0.0,0.0,1.0,1,1
p1_00770,769,counting,simple,MEDIUM_WRONG,WP,False,False,False,0.6666666666666666,1.0,1.0,1,0
p1_00771,770,monetary,simple,BAD_WRONG,SM,False,False,False,0.0,1.0,1.0,2,0
p1_00772,771,counting,complex,MEDIUM_CORRECT,,True,True,False,0.6,1.0,1.0,2,0
p1_00773,772,counting,medium,MEDIUM_WRONG,SM,False,True,True,0.0,0.6666666666666666,1.0,0,1
p1_00774,773,counting,simple,MEDIUM_CORRECT,,True,True,False,0.6666666666666666,1.0,1.0,1,0
p1_00775,774,counting,simple,MEDIUM_WRONG,CE,False,False,False,0.5,0.6666666666666666,1.0,1,1
p1_00776,775,rate,medium,BAD_WRONG,UNCLASSIFIED,False,False,False,0.0,0.0,1.0,3,2
p1_00777,776,time,medium,GOOD,,True,True,False,1.0,1.0,1.0,0,0
p1_00778,777,counting,medium,BAD_WRONG,WP,False,True,True,0.3333333333333333,1.0,1.0,2,0
p1_00779,778,monetary,simple,MEDIUM_WRONG,WP,False,False,False,0.5,1.0,1.0,1,0
p1_00780,779,counting,medium,BAD_WRONG,SM,False,False,False,0.0,0.5,1.0,3,1
p1_00781,780,counting,medium,MEDIUM_CORRECT,,True,True,False,1.0,0.3333333333333333,1.0,0,2
p1_00782,781,time,simple,BAD_WRONG,NR,False,False,False,0.0,0.0,1.0,2,0
p1_00783,782,counting,medium,MEDIUM_WRONG,WP,False,True,True,1.0,1.0,0.8,0,0
p1_00784,783,counting,simple,MEDIUM_WRONG,TR,False,False,False,0.75,1.0,1.0,1,0
p1_00785,784,counting,simple,BAD_WRONG,ST,False,False,False,0.4,0.0,1.0,3,1
p1_00786,785,counting,simple,BAD_WRONG,CE,False,False,False,0.3333333333333333,0.0,1.0,2,2
p1_00787,786,time,simple,BAD_WRONG,ST,False,False,False,0.25,1.0,1.0,3,0
p1_00788,787,rate,medium,BAD_WRONG,SM,False,False,False,0.2,0.75,1.0,4,1
p1_00789,788,time,simple,MEDIUM_WRONG,WP,False,False,False,1.0,1.0,1.0,0,0
p1_00790,789,counting,simple,MEDIUM_WRONG,WP,False,True,True,0.6666666666666666,1.0,1.0,1,0
p1_00791,790,time,simple,BAD_WRONG,AL,False,False,False,0.0,0.5,1.0,3,1
p1_00792,791,counting,simple,BAD_WRONG,SM,False,False,False,0.2,1.0,1.0,4,0
p1_00793,792,time,simple,MEDIUM_WRONG,ST,False,True,True,1.0,1.0,1.0,0,0
p1_00794,793,counting,medium,GOOD,,True,True,False,1.0,1.0,1.0,0,0
p1_00795,794,time,simple,BAD_WRONG,WP,False,False,False,0.5,1.0,1.0,2,0
p1_00796,795,monetary,complex,GOOD,,True,True,False,1.0,1.0,1.0,0,0
p1_00797,796,counting,medium,BAD_WRONG,WP,False,False,False,0.5,1.0,0.5,2,0
p1_00798,797,time,simple,BAD_WRONG,AL,False,False,False,0.2857142857142857,1.0,1.0,5,0
p1_00799,798,monetary,simple,GOOD,,True,True,False,1.0,1.0,1.0,0,0
p1_00800,799,time,simple,BAD_WRONG,UNCLASSIFIED,False,False,False,0.0,0.6666666666666666,1.0,3,1
p1_00801,800,rate,simple,BAD_WRONG,SM,False,False,False,0.0,1.0,0.6666666666666666,2,0
p1_00802,801,monetary,medium,MEDIUM_CORRECT,,True,True,False,0.6,1.0,1.0,2,0
p1_00803,802,counting,simple,BAD_WRONG,SM,False,False,False,0.0,1.0,1.0,2,0
p1_00804,803,counting,simple,BAD_WRONG,ST,False,False,False,0.0,1.0,1.0,3,0
p1_00805,804,monetary,simple,BAD_WRONG,ST,False,False,False,0.6,0.5,1.0,2,1
p1_00806,805,counting,simple,BAD_WRONG,SM,False,False,False,0.25,0.6666666666666666,1.0,3,1
p1_00807,806,counting,simple,GOOD,,True,True,False,1.0,1.0,1.0,0,0
p1_00808,807,counting,simple,BAD_WRONG,SM,False,True,True,0.0,1.0,1.0,2,0
p1_00809,808,counting,medium,MEDIUM_CORRECT,,True,True,False,0.75,1.0,1.0,1,0
p1_00810,809,counting,simple,MEDIUM_WRONG,WP,False,True,True,0.5,1.0,1.0,1,0
p1_00811,810,counting,simple,GOOD,,True,True,False,1.0,1.0,1.0,0,0
p1_00812,811,counting,simple,MEDIUM_WRONG,WP,False,True,True,0.5,1.0,1.0,1,0
p1_00813,812,monetary,simple,GOOD,,True,True,False,1.0,1.0,1.0,0,0
p1_00814,813,counting,complex,MEDIUM_WRONG,ST,False,False,False,0.8571428571428571,1.0,1.0,1,0
p1_00815,814,counting,simple,BAD_WRONG,ST,False,True,True,0.5,1.0,1.0,3,0
p1_00816,815,counting,simple,BAD_WRONG,AL,False,False,False,0.0,0.3333333333333333,0.6666666666666666,3,2
p1_00817,816,time,simple,MEDIUM_CORRECT,,True,True,False,0.5,1.0,1.0,1,0
p1_00818,817,time,simple,BAD_WRONG,ST,False,False,False,0.3333333333333333,0.0,1.0,2,1
p1_00819,818,counting,simple,BAD_WRONG,SM,False,False,False,0.0,1.0,1.0,3,0
p1_00820,819,counting,simple,GOOD,,True,True,False,1.0,1.0,1.0,0,0
p1_00821,820,monetary,simple,MEDIUM_CORRECT,,True,True,False,0.5,1.0,1.0,1,0
p1_00822,821,time,simple,BAD_WRONG,ST,False,False,False,0.0,1.0,1.0,3,0
p1_00823,822,rate,simple,MEDIUM_CORRECT,,True,True,False,1.0,0.0,1.0,0,0
p1_00824,823,counting,simple,BAD_WRONG,AL,False,False,False,0.3333333333333333,1.0,1.0,2,0
p1_00825,824,time,simple,GOOD,,True,True,False,1.0,1.0,1.0,0,0
p1_00826,825,counting,simple,MEDIUM_WRONG,TR,False,False,False,0.6666666666666666,1.0,1.0,1,0
p1_00827,826,counting,simple,BAD_WRONG,SM,False,False,False,0.0,1.0,1.0,2,0
p1_00828,827,counting,simple,GOOD,,True,True,False,1.0,1.0,1.0,0,0
p1_00829,828,counting,simple,MEDIUM_WRONG,WP,False,True,True,0.5,1.0,1.0,1,0
p1_00830,829,time,simple,BAD_WRONG,NR,False,False,False,0.0,0.0,1.0,2,0
p1_00831,830,time,simple,BAD_WRONG,WP,False,False,False,0.3333333333333333,1.0,0.5,2,0
p1_00832,831,percentage,simple,MEDIUM_CORRECT,,True,True,False,1.0,0.0,1.0,0,0
p1_00833,832,time,simple,GOOD,,True,True,False,1.0,1.0,1.0,0,0
p1_00834,833,counting,simple,BAD_WRONG,WP,False,True,True,0.5,1.0,1.0,2,0
p1_00835,834,counting,medium,MEDIUM_CORRECT,,True,True,False,1.0,0.0,1.0,0,0
p1_00836,835,counting,simple,MEDIUM_CORRECT,,True,True,False,0.75,1.0,1.0,1,0
p1_00837,836,counting,simple,MEDIUM_WRONG,SM,False,False,False,0.0,1.0,1.0,1,0
p1_00838,837,monetary,simple,GOOD,,True,True,False,1.0,1.0,1.0,0,0
p1_00839,838,counting,simple,BAD_WRONG,SM,False,False,False,0.0,1.0,1.0,2,0
p1_00840,839,time,simple,BAD_WRONG,AL,False,False,False,0.0,0.0,1.0,2,2
p1_00841,840,counting,simple,BAD_WRONG,WP,False,False,False,0.6,1.0,1.0,2,0
p1_00842,841,counting,simple,MEDIUM_CORRECT,,True,True,False,0.6666666666666666,1.0,1.0,1,0
p1_00843,842,counting,simple,BAD_WRONG,NR,False,False,False,0.0,0.0,1.0,2,0
p1_00844,843,time,simple,MEDIUM_CORRECT,,True,True,False,0.5,1.0,1.0,1,0
p1_00845,844,counting,simple,MEDIUM_WRONG,WP,False,True,True,1.0,1.0,1.0,0,0
p1_00846,845,monetary,simple,BAD_WRONG,AL,False,False,False,0.0,1.0,1.0,4,0
p1_00847,846,counting,medium,MEDIUM_CORRECT,,True,True,False,0.5,1.0,1.0,1,0
p1_00848,847,counting,simple,GOOD,,True,True,False,1.0,1.0,1.0,0,0
p1_00849,848,counting,medium,GOOD,,True,True,False,1.0,1.0,1.0,0,0
p1_00850,849,counting,simple,MEDIUM_WRONG,WP,False,False,False,0.5,1.0,1.0,1,0
p1_00851,850,rate,simple,BAD_WRONG,SM,False,True,True,0.25,1.0,1.0,3,0
p1_00852,851,monetary,simple,GOOD,,True,True,False,1.0,1.0,1.0,0,0
p1_00853,852,counting,simple,BAD_WRONG,SM,False,False,False,0.0,1.0,1.0,2,0
p1_00854,853,logic,simple,MEDIUM_WRONG,WP,False,False,False,0.6666666666666666,1.0,1.0,1,0
p1_00855,854,time,simple,GOOD,,True,True,False,1.0,1.0,1.0,0,0
p1_00856,855,time,simple,MEDIUM_WRONG,WP,False,False,False,0.5,1.0,1.0,1,0
p1_00857,856,counting,simple,GOOD,,True,True,False,1.0,1.0,1.0,0,0
p1_00858,857,monetary,complex,MEDIUM_WRONG,CE,False,True,True,0.75,0.75,1.0,1,1
p1_00859,858,counting,simple,BAD_WRONG,CE,False,False,False,0.3333333333333333,0.0,1.0,2,0
p1_00860,859,counting,simple,BAD_WRONG,WP,False,False,False,0.6,1.0,1.0,2,0
p1_00861,860,logic,medium,BAD_WRONG,UNCLASSIFIED,False,False,False,0.25,1.0,0.75,3,0
p1_00862,861,counting,simple,MEDIUM_CORRECT,,True,True,False,0.6666666666666666,0.0,1.0,1,2
p1_00863,862,rate,simple,BAD_WRONG,SM,False,False,False,0.0,1.0,0.6666666666666666,2,0
p1_00864,863,monetary,medium,BAD_WRONG,WP,False,False,False,0.5,1.0,1.0,2,0
p1_00865,864,monetary,simple,BAD_WRONG,SM,False,True,True,0.0,1.0,1.0,2,0
p1_00866,865,monetary,simple,BAD_WRONG,AL,False,False,False,0.0,1.0,1.0,3,0
p1_00867,866,time,simple,BAD_WRONG,TR,False,False,False,0.0,1.0,1.0,3,0
p1_00868,867,monetary,simple,MEDIUM_WRONG,CE,False,True,True,1.0,0.6666666666666666,1.0,0,1
p1_00869,868,time,simple,MEDIUM_WRONG,WP,False,False,False,0.6666666666666666,1.0,1.0,1,0
p1_00870,869,counting,simple,BAD_WRONG,UNCLASSIFIED,False,False,False,0.0,0.0,1.0,2,2
p1_00871,870,counting,simple,GOOD,,True,True,False,1.0,1.0,1.0,0,0
p1_00872,871,counting,simple,BAD_WRONG,UNCLASSIFIED,False,False,False,0.0,0.3333333333333333,1.0,4,2
p1_00873,872,rate,medium,BAD_WRONG,SM,False,False,False,0.0,0.5,1.0,3,1
p1_00874,873,counting,simple,MEDIUM_CORRECT,,True,True,False,0.3333333333333333,1.0,1.0,2,0
p1_00875,874,rate,complex,MEDIUM_CORRECT,,True,True,False,0.5,1.0,1.0,1,0
p1_00876,875,monetary,simple,BAD_WRONG,UNCLASSIFIED,False,False,False,0.0,0.5,1.0,3,1
p1_00877,876,time,simple,GOOD,,True,True,False,1.0,1.0,1.0,0,0
p1_00878,877,monetary,medium,GOOD,,True,True,False,1.0,1.0,1.0,0,0
p1_00879,878,counting,simple,GOOD,,True,True,False,1.0,1.0,1.0,0,0
p1_00880,879,counting,simple,MEDIUM_WRONG,TR,False,False,False,0.0,1.0,1.0,0,0
p1_00881,880,time,simple,BAD_WRONG,NR,False,False,False,0.0,0.0,1.0,3,0
p1_00882,881,counting,medium,BAD_WRONG,NR,False,False,False,0.0,0.0,0.8,4,0
p1_00883,882,counting,simple,MEDIUM_CORRECT,,True,True,False,0.5,1.0,1.0,1,0
p1_00884,883,counting,simple,BAD_WRONG,SM,False,False,False,0.0,0.75,1.0,3,1
p1_00885,884,counting,simple,MEDIUM_CORRECT,,True,True,False,0.5,1.0,1.0,1,0
p1_00886,885,counting,simple,GOOD,,True,True,False,1.0,1.0,1.0,0,0
p1_00887,886,monetary,medium,MEDIUM_CORRECT,,True,True,False,0.5,1.0,0.5,1,0
p1_00888,887,rate,simple,BAD_WRONG,AL,False,False,False,0.0,1.0,1.0,5,0
p1_00889,888,time,simple,BAD_WRONG,AL,False,False,False,0.0,1.0,1.0,4,0
p1_00890,889,rate,medium,BAD_WRONG,SM,False,False,False,0.25,0.5,1.0,3,2
p1_00891,890,counting,simple,BAD_WRONG,UNCLASSIFIED,False,False,False,0.0,0.3333333333333333,1.0,5,2
p1_00892,891,counting,simple,MEDIUM_WRONG,WP,False,False,False,0.8,1.0,1.0,1,0
p1_00893,892,time,simple,BAD_WRONG,ST,False,True,True,0.5,1.0,0.6666666666666666,2,0
p1_00894,893,counting,simple,BAD_WRONG,SM,False,False,False,0.0,0.5,1.0,3,1
p1_00895,894,counting,simple,MEDIUM_WRONG,WP,False,False,False,0.5,1.0,1.0,1,0
p1_00896,895,monetary,simple,BAD_WRONG,SM,False,False,False,0.0,1.0,0.6666666666666666,2,0
p1_00897,896,counting,simple,BAD_WRONG,WP,False,False,False,0.5,1.0,1.0,3,0
p1_00898,897,counting,medium,BAD_WRONG,ST,False,False,False,0.0,0.0,0.75,3,1
p1_00899,898,counting,simple,BAD_WRONG,SM,False,False,False,0.2,1.0,1.0,4,0
p1_00900,899,counting,simple,GOOD,,True,True,False,1.0,1.0,1.0,0,0
p1_00901,900,counting,medium,MEDIUM_CORRECT,,True,True,False,0.6666666666666666,1.0,1.0,1,0
p1_00902,901,monetary,medium,BAD_WRONG,SM,False,False,False,0.0,0.6666666666666666,1.0,3,1
p1_00903,902,monetary,simple,GOOD,,True,True,False,1.0,1.0,1.0,0,0
p1_00904,903,counting,simple,MEDIUM_WRONG,WP,False,False,False,1.0,1.0,1.0,0,0
p1_00905,904,counting,simple,BAD_WRONG,ST,False,True,True,0.6,0.5,1.0,2,1
p1_00906,905,time,simple,GOOD,,True,True,False,1.0,1.0,1.0,0,0
p1_00907,906,time,simple,BAD_WRONG,WP,False,True,True,0.75,1.0,1.0,1,0
p1_00908,907,logic,simple,BAD_WRONG,SM,False,False,False,0.0,0.5,0.5,2,1
p1_00909,908,counting,simple,BAD_WRONG,SM,False,False,False,0.25,1.0,1.0,3,0
p1_00910,909,counting,simple,MEDIUM_WRONG,SM,False,False,False,0.0,1.0,1.0,1,0
p1_00911,910,time,medium,BAD_WRONG,WP,False,False,False,0.3333333333333333,1.0,1.0,2,0
p1_00912,911,time,simple,MEDIUM_CORRECT,,True,True,False,0.5,1.0,1.0,1,0
p1_00913,912,monetary,medium,MEDIUM_CORRECT,,True,True,False,0.8,1.0,1.0,1,0
p1_00914,913,counting,simple,BAD_WRONG,SM,False,True,True,0.0,0.5,1.0,2,1
p1_00915,914,counting,simple,GOOD,,True,True,False,1.0,1.0,1.0,0,0
p1_00916,915,counting,simple,BAD_WRONG,UNCLASSIFIED,False,False,False,0.0,0.3333333333333333,1.0,2,2
p1_00917,916,time,medium,BAD_WRONG,ST,False,False,False,0.0,0.0,1.0,3,1
p1_00918,917,time,simple,MEDIUM_CORRECT,,True,True,False,0.5,0.0,1.0,1,0
p1_00919,918,counting,simple,GOOD,,True,True,False,1.0,1.0,1.0,0,0
p1_00920,919,monetary,simple,GOOD,,True,True,False,1.0,1.0,1.0,0,0
p1_00921,920,time,simple,BAD_WRONG,ST,False,False,False,0.0,1.0,1.0,3,0
p1_00922,921,monetary,complex,MEDIUM_WRONG,AL,False,False,False,0.8,1.0,1.0,1,0
p1_00923,922,counting,medium,BAD_WRONG,SM,False,False,False,0.2,1.0,0.75,4,0
p1_00924,923,counting,simple,GOOD,,True,True,False,1.0,1.0,1.0,0,0
p1_00925,924,monetary,medium,BAD_WRONG,AL,False,False,False,0.2,1.0,1.0,4,0
p1_00926,925,time,simple,MEDIUM_CORRECT,,True,True,False,0.5,0.0,1.0,1,0
p1_00927,926,counting,complex,MEDIUM_WRONG,AL,False,False,False,0.0,0.0,1.0,1,1
p1_00928,927,counting,simple,GOOD,,True,True,False,1.0,1.0,1.0,0,0
p1_00929,928,counting,complex,BAD_WRONG,UNCLASSIFIED,False,False,False,0.2,0.3333333333333333,1.0,4,2
p1_00930,929,monetary,medium,BAD_WRONG,UNCLASSIFIED,False,False,False,0.0,0.3333333333333333,1.0,4,2
p1_00931,930,monetary,complex,MEDIUM_CORRECT,,True,True,False,1.0,1.0,1.0,0,0
p1_00932,931,counting,simple,BAD_WRONG,UNCLASSIFIED,False,False,False,0.0,0.0,1.0,1,3
p1_00933,932,counting,simple,MEDIUM_WRONG,WP,False,False,False,1.0,1.0,1.0,0,0
p1_00934,933,monetary,medium,BAD_WRONG,UNCLASSIFIED,False,False,False,0.0,0.5,1.0,3,1
p1_00935,934,counting,simple,MEDIUM_WRONG,SM,False,False,False,0.0,1.0,1.0,1,0
p1_00936,935,time,medium,BAD_WRONG,ST,False,False,False,0.5,1.0,1.0,2,0
p1_00937,936,rate,simple,BAD_WRONG,AL,False,False,False,0.3333333333333333,0.0,1.0,2,1
p1_00938,937,counting,simple,BAD_WRONG,WP,False,False,False,0.3333333333333333,1.0,1.0,2,0
p1_00939,938,counting,simple,BAD_WRONG,UNCLASSIFIED,False,False,False,0.0,0.0,1.0,2,1
p1_00940,939,time,medium,BAD_WRONG,NR,False,False,False,0.0,0.0,0.75,1,0
p1_00941,940,counting,simple,MEDIUM_WRONG,WP,False,False,False,0.5,1.0,1.0,1,0
p1_00942,941,counting,simple,MEDIUM_WRONG,WP,False,False,False,0.5,1.0,1.0,1,0
p1_00943,942,counting,simple,GOOD,,True,True,False,1.0,1.0,1.0,0,0
p1_00944,943,rate,medium,BAD_WRONG,SM,False,False,False,0.0,1.0,0.5,3,0
p1_00945,944,counting,simple,GOOD,,True,True,False,1.0,1.0,1.0,0,0
p1_00946,945,counting,simple,BAD_WRONG,CE,False,False,False,0.3333333333333333,0.6666666666666666,1.0,2,1
p1_00947,946,counting,simple,BAD_WRONG,ST,False,False,False,0.0,1.0,1.0,4,0
p1_00948,947,counting,simple,BAD_WRONG,WP,False,False,False,0.3333333333333333,1.0,1.0,2,0
p1_00949,948,counting,simple,MEDIUM_WRONG,WP,False,False,False,1.0,1.0,1.0,0,0
p1_00950,949,rate,simple,BAD_WRONG,SM,False,False,False,0.0,0.6666666666666666,1.0,2,1
p1_00951,950,counting,simple,MEDIUM_WRONG,WP,False,True,True,0.5,1.0,1.0,1,0
p1_00952,951,counting,simple,BAD_WRONG,WP,False,True,True,0.6666666666666666,1.0,0.0,1,0
p1_00953,952,monetary,simple,BAD_WRONG,CE,False,False,False,0.5,0.5,1.0,2,2
p1_00954,953,time,simple,BAD_WRONG,SM,False,False,False,0.2,0.5,1.0,4,2
p1_00955,954,monetary,complex,MEDIUM_CORRECT,,True,True,False,0.8,1.0,1.0,1,0
p1_00956,955,monetary,simple,BAD_WRONG,SM,False,False,False,0.0,1.0,0.6666666666666666,3,0
p1_00957,956,counting,simple,BAD_WRONG,SM,False,False,False,0.0,1.0,1.0,3,0
p1_00958,957,counting,simple,BAD_WRONG,ST,False,False,False,0.3333333333333333,1.0,1.0,2,0
p1_00959,958,monetary,medium,BAD_WRONG,ST,False,False,False,0.25,1.0,0.3333333333333333,3,0
p1_00960,959,counting,simple,BAD_WRONG,CE,False,True,True,0.5,0.6666666666666666,1.0,2,1
p1_00961,960,monetary,medium,BAD_WRONG,ST,False,False,False,0.0,1.0,0.6666666666666666,3,0
p1_00962,961,monetary,medium,MEDIUM_WRONG,WP,False,False,False,1.0,1.0,1.0,0,0
p1_00963,962,time,simple,BAD_WRONG,SM,False,False,False,0.25,0.5,1.0,3,1
p1_00964,963,time,simple,BAD_WRONG,WP,False,False,False,0.6,1.0,1.0,2,0
p1_00965,964,counting,medium,BAD_WRONG,UNCLASSIFIED,False,False,False,0.125,0.5,1.0,7,2
p1_00966,965,counting,medium,BAD_WRONG,SM,False,False,False,0.0,0.5,1.0,4,1
p1_00967,966,time,medium,BAD_WRONG,WP,False,False,False,0.3333333333333333,1.0,0.6666666666666666,2,0
p1_00968,967,time,complex,GOOD,,True,True,False,1.0,1.0,1.0,0,0
p1_00969,968,counting,simple,BAD_WRONG,TR,False,False,False,0.16666666666666666,1.0,0.5,5,0
p1_00970,969,counting,simple,GOOD,,True,True,False,1.0,1.0,1.0,0,0
p1_00971,970,counting,medium,BAD_WRONG,SM,False,False,False,0.0,0.75,1.0,2,1
p1_00972,971,time,simple,GOOD,,True,True,False,1.0,1.0,1.0,0,0
p1_00973,972,counting,simple,BAD_WRONG,WP,False,False,False,0.6,1.0,1.0,2,0
p1_00974,973,monetary,simple,BAD_WRONG,CE,False,False,False,0.3333333333333333,0.5,1.0,2,1
p1_00975,974,counting,simple,GOOD,,True,True,False,1.0,1.0,1.0,0,0
p1_00976,975,counting,simple,BAD_WRONG,UNCLASSIFIED,False,False,False,0.0,0.75,1.0,3,1
p1_00977,976,monetary,simple,GOOD,,True,True,False,1.0,1.0,1.0,0,0
p1_00978,977,rate,medium,MEDIUM_CORRECT,,True,True,False,1.0,0.0,1.0,0,0
p1_00979,978,counting,simple,MEDIUM_WRONG,SM,False,False,False,0.0,1.0,1.0,1,0
p1_00980,979,time,simple,BAD_WRONG,SM,False,False,False,0.25,1.0,1.0,3,0
p1_00981,980,counting,simple,MEDIUM_CORRECT,,True,True,False,1.0,1.0,1.0,0,0
p1_00982,981,counting,medium,BAD_WRONG,ST,False,False,False,0.2,1.0,1.0,4,0
p1_00983,982,counting,simple,MEDIUM_WRONG,SM,False,False,False,0.0,1.0,1.0,1,0
p1_00984,983,monetary,simple,GOOD,,True,True,False,1.0,1.0,1.0,0,0
p1_00985,984,counting,simple,BAD_WRONG,AL,False,False,False,0.5,0.0,1.0,1,0
p1_00986,985,monetary,simple,GOOD,,True,True,False,1.0,1.0,1.0,0,0
p1_00987,986,monetary,simple,BAD_WRONG,AL,False,False,False,0.42857142857142855,1.0,1.0,4,0
p1_00988,987,counting,simple,MEDIUM_WRONG,SM,False,False,False,0.0,1.0,1.0,1,0
p1_00989,988,counting,simple,BAD_WRONG,TR,False,False,False,0.3333333333333333,0.75,0.3333333333333333,2,1
p1_00990,989,counting,complex,BAD_WRONG,SM,False,True,True,0.2,1.0,0.8,4,0
p1_00991,990,rate,medium,MEDIUM_WRONG,WP,False,False,False,0.5,1.0,1.0,1,0
p1_00992,991,counting,simple,MEDIUM_WRONG,WP,False,False,False,0.5,1.0,1.0,1,0
p1_00993,992,rate,simple,BAD_WRONG,WP,False,True,True,0.3333333333333333,1.0,1.0,2,0
p1_00994,993,time,simple,BAD_WRONG,WP,False,False,False,0.5,1.0,1.0,1,0
p1_00995,994,monetary,simple,GOOD,,True,True,False,1.0,1.0,1.0,0,0
p1_00996,995,counting,complex,BAD_WRONG,ST,False,False,False,0.4,1.0,0.8571428571428571,3,0
p1_00997,996,time,simple,MEDIUM_CORRECT,,True,True,False,1.0,0.0,1.0,0,0
p1_00998,997,monetary,medium,BAD_WRONG,WP,False,False,False,0.3333333333333333,1.0,1.0,4,0
p1_00999,998,time,simple,BAD_WRONG,UNCLASSIFIED,False,False,False,0.0,0.5,1.0,3,1
p1_01000,999,counting,simple,BAD_WRONG,WP,False,False,False,0.4,1.0,1.0,3,0
p1_01001,1000,counting,simple,BAD_WRONG,UNCLASSIFIED,False,False,False,0.0,1.0,1.0,1,0
p1_01002,1001,counting,simple,BAD_WRONG,ST,False,True,True,0.0,0.0,1.0,3,1
p1_01003,1002,rate,simple,BAD_WRONG,WP,False,False,False,0.3333333333333333,1.0,1.0,2,0
p1_01004,1003,counting,medium,MEDIUM_WRONG,AL,False,False,False,0.5,1.0,1.0,1,0
p1_01005,1004,time,simple,MEDIUM_WRONG,WP,False,False,False,0.5,1.0,1.0,1,0
p1_01006,1005,monetary,simple,GOOD,,True,True,False,1.0,1.0,1.0,0,0
p1_01007,1006,counting,simple,GOOD,,True,True,False,1.0,1.0,1.0,0,0
p1_01008,1007,counting,simple,BAD_WRONG,CE,False,False,False,0.5,0.6666666666666666,1.0,2,1
p1_01009,1008,counting,simple,BAD_WRONG,WP,False,False,False,0.3333333333333333,1.0,1.0,2,0
p1_01010,1009,counting,simple,BAD_WRONG,SM,False,True,True,0.25,1.0,1.0,3,0
p1_01011,1010,time,simple,BAD_WRONG,SM,False,False,False,0.0,1.0,1.0,2,0
p1_01012,1011,counting,simple,BAD_WRONG,CE,False,False,False,0.3333333333333333,0.6666666666666666,1.0,2,1
p1_01013,1012,monetary,simple,BAD_WRONG,NR,False,False,False,0.0,0.0,0.5,1,0
p1_01014,1013,counting,medium,GOOD,,True,True,False,1.0,1.0,1.0,0,0
p1_01015,1014,time,simple,MEDIUM_CORRECT,,True,True,False,0.5,1.0,1.0,1,0
p1_01016,1015,time,medium,BAD_WRONG,SM,False,False,False,0.25,1.0,0.6,3,0
p1_01017,1016,counting,simple,BAD_WRONG,AL,False,False,False,0.0,1.0,1.0,2,0
p1_01018,1017,monetary,medium,BAD_WRONG,WP,False,False,False,1.0,1.0,1.0,0,0
p1_01019,1018,counting,simple,BAD_WRONG,CE,False,False,False,0.6,0.8,0.5,2,1
p1_01020,1019,counting,complex,BAD_WRONG,WP,False,False,False,0.4,1.0,0.8,3,0
p1_01021,1020,counting,simple,MEDIUM_CORRECT,,True,True,False,1.0,0.0,1.0,0,0
p1_01022,1021,monetary,medium,BAD_WRONG,UNCLASSIFIED,False,False,False,0.0,0.3333333333333333,1.0,4,2
p1_01023,1022,monetary,medium,BAD_WRONG,SM,False,False,False,0.25,0.6666666666666666,1.0,3,1
p1_01024,1023,counting,medium,BAD_WRONG,ST,False,False,False,0.4,1.0,0.5,3,0
p1_01025,1024,time,simple,BAD_WRONG,SM,False,False,False,0.0,1.0,1.0,4,0
p1_01026,1025,monetary,simple,BAD_WRONG,ST,False,False,False,0.0,0.0,0.6666666666666666,4,2
p1_01027,1026,counting,simple,MEDIUM_WRONG,WP,False,True,True,0.75,1.0,1.0,1,0
p1_01028,1027,monetary,complex,BAD_WRONG,AL,False,False,False,0.5,0.0,0.75,3,1
p1_01029,1028,monetary,simple,BAD_WRONG,WP,False,False,False,0.3333333333333333,1.0,1.0,2,0
p1_01030,1029,counting,simple,GOOD,,True,True,False,1.0,1.0,1.0,0,0
p1_01031,1030,time,simple,BAD_WRONG,WP,False,True,True,0.5,1.0,1.0,2,0
p1_01032,1031,counting,simple,BAD_WRONG,SM,False,False,False,0.0,0.6666666666666666,1.0,2,1
p1_01033,1032,monetary,simple,GOOD,,True,True,False,1.0,1.0,1.0,0,0
p1_01034,1033,counting,simple,MEDIUM_CORRECT,,True,True,False,0.5,0.5,1.0,1,1
p1_01035,1034,time,medium,BAD_WRONG,AL,False,False,False,0.0,0.0,1.0,2,1
p1_01036,1035,monetary,simple,BAD_WRONG,WP,False,False,False,0.3333333333333333,1.0,1.0,2,0
p1_01037,1036,rate,complex,BAD_WRONG,TR,False,False,False,0.0,0.5,0.875,5,1
p1_01038,1037,monetary,simple,MEDIUM_WRONG,WP,False,False,False,0.5,1.0,1.0,1,0
p1_01039,1038,counting,simple,BAD_WRONG,WP,False,False,False,0.3333333333333333,1.0,1.0,2,0
p1_01040,1039,counting,simple,BAD_WRONG,TR,False,False,False,0.5,1.0,1.0,4,0
p1_01041,1040,counting,simple,BAD_WRONG,ST,False,False,False,0.0,1.0,1.0,3,0
p1_01042,1041,time,simple,BAD_WRONG,TR,False,False,False,0.6,1.0,1.0,2,0
p1_01043,1042,counting,simple,MEDIUM_WRONG,CE,False,True,True,1.0,0.6666666666666666,1.0,0,1
p1_01044,1043,monetary,medium,BAD_WRONG,ST,False,False,False,0.6,1.0,1.0,2,0
p1_01045,1044,counting,simple,BAD_WRONG,WP,False,False,False,0.4,1.0,1.0,3,0
p1_01046,1045,counting,simple,BAD_WRONG,CE,False,False,False,0.5,0.6666666666666666,1.0,2,1
p1_01047,1046,counting,simple,GOOD,,True,True,False,1.0,1.0,1.0,0,0
p1_01048,1047,rate,simple,BAD_WRONG,AL,False,False,False,0.4,1.0,1.0,3,0
p1_01049,1048,counting,simple,MEDIUM_CORRECT,,True,True,False,1.0,0.5,1.0,0,1
p1_01050,1049,counting,medium,BAD_WRONG,TR,False,False,False,0.3333333333333333,0.5,1.0,2,1
p1_01051,1050,counting,complex,GOOD,,True,True,False,1.0,1.0,1.0,0,0
p1_01052,1051,counting,simple,BAD_WRONG,CE,False,False,False,0.75,0.5,1.0,1,2
p1_01053,1052,counting,simple,MEDIUM_WRONG,WP,False,False,False,0.6666666666666666,1.0,1.0,1,0
p1_01054,1053,rate,medium,BAD_WRONG,SM,False,False,False,0.25,1.0,0.5,3,0
p1_01055,1054,monetary,complex,GOOD,,True,True,False,1.0,1.0,1.0,0,0
p1_01056,1055,counting,simple,BAD_WRONG,SM,False,False,False,0.0,0.75,0.6666666666666666,4,1
p1_01057,1056,counting,simple,BAD_WRONG,SM,False,False,False,0.0,1.0,1.0,2,0
p1_01058,1057,time,simple,BAD_WRONG,ST,False,False,False,0.0,1.0,1.0,5,0
p1_01059,1058,rate,simple,BAD_WRONG,TR,False,False,False,0.3333333333333333,0.0,1.0,2,0
p1_01060,1059,rate,medium,BAD_WRONG,AL,False,False,False,0.6666666666666666,0.0,1.0,1,1
p1_01061,1060,time,simple,GOOD,,True,True,False,1.0,1.0,1.0,0,0
p1_01062,1061,counting,simple,MEDIUM_CORRECT,,True,True,False,0.0,1.0,1.0,0,0
p1_01063,1062,monetary,medium,MEDIUM_CORRECT,,True,True,False,0.6666666666666666,1.0,1.0,1,0
p1_01064,1063,counting,simple,BAD_WRONG,SM,False,False,False,0.0,1.0,1.0,2,0
p1_01065,1064,monetary,complex,MEDIUM_WRONG,ST,False,False,False,1.0,1.0,1.0,0,0
p1_01066,1065,counting,medium,BAD_WRONG,CE,False,False,False,0.75,0.5,1.0,1,1
p1_01067,1066,monetary,medium,BAD_WRONG,ST,False,False,False,0.3333333333333333,0.0,1.0,2,1
p1_01068,1067,monetary,complex,BAD_WRONG,ST,False,False,False,0.0,1.0,1.0,3,0
p1_01069,1068,rate,simple,BAD_WRONG,NR,False,False,False,0.0,0.0,1.0,2,0
p1_01070,1069,time,simple,MEDIUM_CORRECT,,True,True,False,1.0,1.0,1.0,0,0
p1_01071,1070,time,medium,BAD_WRONG,TR,False,False,False,0.5,0.0,0.5,1,0
p1_01072,1071,counting,simple,BAD_WRONG,UNCLASSIFIED,False,False,False,0.0,0.0,1.0,4,2
p1_01073,1072,counting,simple,BAD_WRONG,NR,False,True,True,0.0,0.0,1.0,2,0
p1_01074,1073,monetary,complex,GOOD,,True,True,False,1.0,1.0,1.0,0,0
p1_01075,1074,counting,medium,MEDIUM_CORRECT,,True,True,False,1.0,1.0,1.0,0,0
p1_01076,1075,counting,complex,MEDIUM_WRONG,CE,False,False,False,0.5,0.6666666666666666,0.8,1,1
p1_01077,1076,counting,simple,GOOD,,True,True,False,1.0,1.0,1.0,0,0
p1_01078,1077,counting,simple,BAD_WRONG,UNCLASSIFIED,False,False,False,0.0,0.3333333333333333,1.0,2,2
p1_01079,1078,time,medium,GOOD,,True,True,False,1.0,1.0,1.0,0,0
p1_01080,1079,rate,simple,BAD_WRONG,WP,False,False,False,0.5,1.0,1.0,2,0
p1_01081,1080,time,simple,MEDIUM_CORRECT,,True,True,False,1.0,0.0,1.0,0,0
p1_01082,1081,counting,simple,MEDIUM_WRONG,WP,False,False,False,0.5,1.0,1.0,1,0
p1_01083,1082,monetary,simple,GOOD,,True,True,False,1.0,1.0,1.0,0,0
p1_01084,1083,counting,simple,BAD_WRONG,CE,False,False,False,0.5,0.0,1.0,1,0
p1_01085,1084,counting,simple,BAD_WRONG,SM,False,False,False,0.0,1.0,1.0,3,0
p1_01086,1085,time,simple,BAD_WRONG,ST,False,False,False,0.4,1.0,1.0,3,0
p1_01087,1086,counting,simple,BAD_WRONG,UNCLASSIFIED,False,False,False,0.0,0.3333333333333333,1.0,3,2
p1_01088,1087,time,medium,MEDIUM_WRONG,WP,False,False,False,0.75,1.0,1.0,1,0
p1_01089,1088,counting,simple,MEDIUM_WRONG,WP,False,False,False,0.6666666666666666,1.0,1.0,1,0
p1_01090,1089,monetary,complex,BAD_WRONG,WP,False,False,False,0.4,1.0,1.0,3,0
p1_01091,1090,time,medium,BAD_WRONG,AL,False,True,True,0.25,0.0,1.0,3,1
p1_01092,1091,monetary,complex,MEDIUM_CORRECT,,True,True,False,1.0,0.0,1.0,0,0
p1_01093,1092,monetary,simple,BAD_WRONG,UNCLASSIFIED,False,False,False,0.0,1.0,0.3333333333333333,2,0
p1_01094,1093,monetary,medium,BAD_WRONG,TR,False,False,False,0.2,1.0,0.8,4,0
p1_01095,1094,monetary,simple,MEDIUM_CORRECT,,True,True,False,0.5,0.0,1.0,1,0
p1_01096,1095,monetary,simple,GOOD,,True,True,False,1.0,1.0,1.0,0,0
p1_01097,1096,time,complex,BAD_WRONG,CE,False,False,False,0.4,0.0,1.0,3,3
p1_01098,1097,counting,simple,BAD_WRONG,TR,False,False,False,0.0,1.0,1.0,2,0
p1_01099,1098,time,simple,BAD_WRONG,WP,False,False,False,0.3333333333333333,1.0,1.0,2,0
p1_01100,1099,counting,simple,BAD_WRONG,TR,False,False,False,0.5,0.0,1.0,1,0
p1_01101,1100,counting,simple,BAD_WRONG,AL,False,True,True,0.3333333333333333,0.0,0.6666666666666666,2,0
p1_01102,1101,monetary,complex,BAD_WRONG,AL,False,False,False,0.6,0.75,1.0,2,1
p1_01103,1102,monetary,medium,GOOD,,True,True,False,1.0,1.0,1.0,0,0
p1_01104,1103,rate,simple,BAD_WRONG,CE,False,False,False,0.5,0.0,1.0,1,0
p1_01105,1104,counting,simple,BAD_WRONG,SM,False,False,False,0.0,1.0,1.0,3,0
p1_01106,1105,time,medium,BAD_WRONG,NR,False,False,False,0.0,0.0,1.0,4,0
p1_01107,1106,counting,simple,GOOD,,True,True,False,1.0,1.0,1.0,0,0
p1_01108,1107,counting,simple,BAD_WRONG,CE,False,False,False,0.3333333333333333,0.6666666666666666,0.5,2,1
p1_01109,1108,rate,simple,BAD_WRONG,CE,False,False,False,1.0,0.0,1.0,0,1
p1_01110,1109,time,simple,GOOD,,True,True,False,1.0,1.0,1.0,0,0
p1_01111,1110,monetary,medium,GOOD,,True,True,False,1.0,1.0,1.0,0,0
p1_01112,1111,counting,medium,MEDIUM_WRONG,UNCLASSIFIED,False,False,False,0.0,0.0,1.0,1,1
p1_01113,1112,counting,simple,BAD_WRONG,WP,False,False,False,0.5,1.0,0.6666666666666666,1,0
p1_01114,1113,counting,simple,BAD_WRONG,CE,False,True,True,0.5,0.0,1.0,1,0
p1_01115,1114,counting,complex,GOOD,,True,True,False,1.0,1.0,1.0,0,0
p1_01116,1115,time,medium,BAD_WRONG,WP,False,False,False,0.6,1.0,1.0,2,0
p1_01117,1116,counting,simple,MEDIUM_WRONG,CE,False,False,False,0.75,0.75,1.0,1,1
p1_01118,1117,monetary,simple,GOOD,,True,True,False,1.0,1.0,1.0,0,0
p1_01119,1118,counting,simple,BAD_WRONG,SM,False,False,False,0.0,1.0,1.0,2,0
p1_01120,1119,counting,simple,BAD_WRONG,WP,False,False,False,0.6666666666666666,1.0,1.0,1,0
p1_01121,1120,monetary,simple,MEDIUM_WRONG,WP,False,False,False,0.5,1.0,1.0,1,0
p1_01122,1121,monetary,complex,GOOD,,True,True,False,1.0,1.0,1.0,0,0
p1_01123,1122,counting,simple,MEDIUM_WRONG,AL,False,False,False,0.0,1.0,1.0,1,0
p1_01124,1123,time,simple,BAD_WRONG,AL,False,False,False,0.0,0.0,1.0,5,1
p1_01125,1124,time,simple,BAD_WRONG,ST,False,False,False,0.16666666666666666,0.5,0.5,5,1
p1_01126,1125,counting,medium,BAD_WRONG,SM,False,False,False,0.0,0.6666666666666666,1.0,3,1
p1_01127,1126,counting,simple,MEDIUM_WRONG,SM,False,False,False,0.0,1.0,1.0,1,0
p1_01128,1127,monetary,simple,MEDIUM_WRONG,CE,False,True,True,0.5,0.5,1.0,1,1
p1_01129,1128,monetary,medium,GOOD,,True,True,False,1.0,1.0,1.0,0,0
p1_01130,1129,time,medium,BAD_WRONG,UNCLASSIFIED,False,False,False,0.0,0.0,0.75,4,2
p1_01131,1130,time,simple,GOOD,,True,True,False,1.0,1.0,1.0,0,0
p1_01132,1131,counting,simple,GOOD,,True,True,False,1.0,1.0,1.0,0,0
p1_01133,1132,counting,medium,BAD_WRONG,SM,False,False,False,0.0,1.0,1.0,2,0
p1_01134,1133,time,simple,BAD_WRONG,TR,False,False,False,0.0,0.0,1.0,4,0
p1_01135,1134,monetary,simple,BAD_WRONG,WP,False,False,False,0.3333333333333333,1.0,1.0,2,0
p1_01136,1135,rate,complex,GOOD,,True,True,False,1.0,1.0,1.0,0,0
p1_01137,1136,monetary,medium,GOOD,,True,True,False,1.0,1.0,1.0,0,0
p1_01138,1137,monetary,simple,GOOD,,True,True,False,1.0,1.0,1.0,0,0
p1_01139,1138,monetary,medium,BAD_WRONG,WP,False,False,False,0.6,1.0,1.0,2,0
p1_01140,1139,rate,simple,MEDIUM_WRONG,WP,False,False,False,1.0,1.0,1.0,0,0
p1_01141,1140,monetary,simple,BAD_WRONG,TR,False,False,False,0.0,0.0,1.0,2,0
p1_01142,1141,monetary,simple,GOOD,,True,True,False,1.0,1.0,1.0,0,0
p1_01143,1142,monetary,simple,BAD_WRONG,AL,False,False,False,0.5,1.0,1.0,1,0
p1_01144,1143,time,simple,BAD_WRONG,WP,False,False,False,0.3333333333333333,1.0,1.0,2,0
p1_01145,1144,monetary,medium,BAD_WRONG,CE,False,True,True,0.5,0.75,0.8333333333333334,2,1
p1_01146,1145,logic,simple,MEDIUM_CORRECT,,True,True,False,0.6666666666666666,0.0,1.0,1,1
p1_01147,1146,time,simple,MEDIUM_CORRECT,,True,True,False,1.0,0.0,1.0,0,0
p1_01148,1147,counting,simple,GOOD,,True,True,False,1.0,1.0,1.0,0,0
p1_01149,1148,time,simple,BAD_WRONG,WP,False,False,False,0.5,1.0,1.0,2,0
p1_01150,1149,rate,medium,BAD_WRONG,SM,False,False,False,0.0,0.6666666666666666,1.0,3,1
p1_01151,1150,counting,simple,GOOD,,True,True,False,1.0,1.0,1.0,0,0
p1_01152,1151,time,simple,BAD_WRONG,CE,False,False,False,0.6666666666666666,0.0,1.0,1,2
p1_01153,1152,counting,simple,BAD_WRONG,SM,False,False,False,0.0,1.0,0.6666666666666666,2,0
p1_01154,1153,counting,medium,BAD_WRONG,AL,False,False,False,0.0,0.5,0.5,6,1
p1_01155,1154,monetary,simple,BAD_WRONG,SM,False,False,False,0.0,1.0,1.0,3,0
p1_01156,1155,time,medium,BAD_WRONG,WP,False,False,False,1.0,1.0,1.0,0,0
p1_01157,1156,counting,simple,GOOD,,True,True,False,1.0,1.0,1.0,0,0
p1_01158,1157,time,medium,MEDIUM_WRONG,WP,False,False,False,0.8,1.0,1.0,1,0
p1_01159,1158,counting,simple,MEDIUM_WRONG,WP,False,False,False,0.5,1.0,1.0,1,0
p1_01160,1159,monetary,medium,BAD_WRONG,AL,False,False,False,0.0,1.0,1.0,3,0
p1_01161,1160,counting,simple,BAD_WRONG,NR,False,False,False,0.0,0.0,1.0,2,0
p1_01162,1161,counting,simple,BAD_WRONG,SM,False,False,False,0.25,1.0,1.0,3,0
p1_01163,1162,monetary,medium,BAD_WRONG,SM,False,False,False,0.0,0.6666666666666666,1.0,3,1
p1_01164,1163,time,simple,BAD_WRONG,UNCLASSIFIED,False,True,True,0.0,0.0,1.0,2,1
p1_01165,1164,rate,medium,BAD_WRONG,NR,False,False,False,0.25,0.0,0.75,3,0
p1_01166,1165,counting,simple,BAD_WRONG,AL,False,False,False,0.3333333333333333,0.0,1.0,2,0
p1_01167,1166,time,simple,MEDIUM_CORRECT,,True,True,False,1.0,0.0,1.0,0,0
p1_01168,1167,monetary,simple,BAD_WRONG,UNCLASSIFIED,False,False,False,0.0,0.0,1.0,2,1
p1_01169,1168,counting,medium,MEDIUM_WRONG,ST,False,True,True,0.6666666666666666,1.0,1.0,1,0
p1_01170,1169,counting,simple,BAD_WRONG,CE,False,True,True,0.5,0.0,1.0,1,0
p1_01171,1170,counting,simple,MEDIUM_CORRECT,,True,True,False,0.3333333333333333,1.0,1.0,2,0
p1_01172,1171,counting,medium,BAD_WRONG,CE,False,True,True,0.3333333333333333,0.6666666666666666,1.0,2,1
p1_01173,1172,monetary,medium,BAD_WRONG,SM,False,False,False,0.0,1.0,1.0,4,0
p1_01174,1173,counting,medium,BAD_WRONG,NR,False,False,False,0.0,0.0,1.0,2,0
p1_01175,1174,counting,simple,BAD_WRONG,SM,False,False,False,0.0,1.0,1.0,2,0
p1_01176,1175,counting,simple,BAD_WRONG,WP,False,False,False,0.6666666666666666,1.0,1.0,2,0
p1_01177,1176,monetary,complex,BAD_WRONG,SM,False,False,False,0.0,0.8333333333333334,1.0,7,1
p1_01178,1177,counting,medium,BAD_WRONG,TR,False,False,False,0.25,1.0,1.0,3,0
p1_01179,1178,counting,simple,MEDIUM_WRONG,WP,False,False,False,0.5,1.0,1.0,1,0
p1_01180,1179,time,simple,BAD_WRONG,UNCLASSIFIED,False,False,False,0.0,0.0,1.0,2,1
p1_01181,1180,counting,simple,BAD_WRONG,SM,False,False,False,0.0,0.5,1.0,2,1
p1_01182,1181,time,medium,BAD_WRONG,UNCLASSIFIED,False,False,False,0.0,1.0,1.0,1,0
p1_01183,1182,time,simple,BAD_WRONG,UNCLASSIFIED,False,True,True,0.0,0.3333333333333333,1.0,2,2
p1_01184,1183,monetary,simple,GOOD,,True,True,False,1.0,1.0,1.0,0,0
p1_01185,1184,time,simple,GOOD,,True,True,False,1.0,1.0,1.0,0,0
p1_01186,1185,counting,simple,MEDIUM_WRONG,WP,False,False,False,0.5,1.0,1.0,1,0
p1_01187,1186,monetary,complex,BAD_WRONG,UNCLASSIFIED,False,False,False,0.0,0.8333333333333334,1.0,5,1
p1_01188,1187,counting,medium,BAD_WRONG,AL,False,True,True,0.3333333333333333,1.0,1.0,2,0
p1_01189,1188,counting,simple,BAD_WRONG,UNCLASSIFIED,False,False,False,0.25,0.0,1.0,3,2
p1_01190,1189,logic,simple,BAD_WRONG,NR,False,True,True,0.0,0.0,1.0,1,0
p1_01191,1190,counting,complex,BAD_WRONG,ST,False,False,False,0.3333333333333333,1.0,1.0,4,0
p1_01192,1191,time,complex,BAD_WRONG,ST,False,False,False,0.5,0.0,0.6666666666666666,4,2
p1_01193,1192,time,simple,BAD_WRONG,UNCLASSIFIED,False,False,False,0.0,1.0,0.6666666666666666,3,0
p1_01194,1193,time,simple,BAD_WRONG,SM,False,True,True,0.0,1.0,1.0,2,0
p1_01195,1194,counting,simple,BAD_WRONG,TR,False,False,False,0.0,0.0,1.0,1,0
p1_01196,1195,counting,simple,BAD_WRONG,SM,False,False,False,0.0,1.0,1.0,2,0
p1_01197,1196,monetary,simple,BAD_WRONG,SM,False,False,False,0.2,1.0,1.0,4,0
p1_01198,1197,counting,simple,BAD_WRONG,CE,False,False,False,0.6666666666666666,0.0,1.0,2,0
p1_01199,1198,counting,simple,MEDIUM_CORRECT,,True,True,False,0.5,0.0,1.0,1,2
p1_01200,1199,counting,medium,BAD_WRONG,AL,False,True,True,0.5,0.0,1.0,1,0
p1_01201,1200,time,simple,GOOD,,True,True,False,1.0,1.0,1.0,0,0
p1_01202,1201,time,medium,GOOD,,True,True,False,1.0,1.0,1.0,0,0
p1_01203,1202,time,medium,BAD_WRONG,CE,False,False,False,0.3333333333333333,0.6666666666666666,1.0,2,1
p1_01204,1203,counting,medium,MEDIUM_WRONG,CE,False,False,False,0.75,0.75,1.0,1,1
p1_01205,1204,counting,simple,BAD_WRONG,CE,False,False,False,0.5,0.0,1.0,1,1
p1_01206,1205,monetary,simple,GOOD,,True,True,False,1.0,1.0,1.0,0,0
p1_01207,1206,time,medium,BAD_WRONG,UNCLASSIFIED,False,False,False,0.0,1.0,1.0,4,0
p1_01208,1207,monetary,simple,GOOD,,True,True,False,1.0,1.0,1.0,0,0
p1_01209,1208,rate,simple,BAD_WRONG,TR,False,False,False,0.0,0.0,1.0,3,0
p1_01210,1209,time,simple,GOOD,,True,True,False,1.0,1.0,1.0,0,0
p1_01211,1210,counting,medium,GOOD,,True,True,False,1.0,1.0,0.75,0,0
p1_01212,1211,time,medium,GOOD,,True,True,False,1.0,1.0,0.75,0,0
p1_01213,1212,time,simple,BAD_WRONG,CE,False,False,False,0.6,0.0,1.0,2,0
p1_01214,1213,counting,simple,MEDIUM_WRONG,CE,False,False,False,0.5,0.6666666666666666,1.0,1,1
p1_01215,1214,counting,simple,BAD_WRONG,ST,False,False,False,0.4,1.0,1.0,3,0
p1_01216,1215,counting,simple,BAD_WRONG,SM,False,False,False,0.0,1.0,0.6666666666666666,2,0
p1_01217,1216,monetary,simple,MEDIUM_CORRECT,,True,True,False,0.6666666666666666,1.0,1.0,1,0
p1_01218,1217,rate,simple,BAD_WRONG,ST,False,False,False,0.0,1.0,1.0,4,0
p1_01219,1218,time,medium,BAD_WRONG,WP,False,True,True,0.6,1.0,1.0,2,0
p1_01220,1219,counting,simple,MEDIUM_WRONG,ST,False,True,True,0.75,1.0,0.6666666666666666,1,0
p1_01221,1220,counting,complex,BAD_WRONG,WP,False,False,False,0.42857142857142855,1.0,1.0,4,0
p1_01222,1221,monetary,complex,BAD_WRONG,SM,False,False,False,0.25,1.0,0.6666666666666666,6,0
p1_01223,1222,monetary,medium,BAD_WRONG,CE,False,False,False,0.3333333333333333,0.5,1.0,2,1
p1_01224,1223,rate,simple,GOOD,,True,True,False,1.0,1.0,1.0,0,0
p1_01225,1224,time,complex,MEDIUM_WRONG,CE,False,False,False,0.5,0.5,1.0,1,1
p1_01226,1225,monetary,medium,MEDIUM_WRONG,WP,False,False,False,0.6666666666666666,1.0,1.0,1,0
p1_01227,1226,time,medium,BAD_WRONG,CE,False,False,False,0.75,0.0,1.0,1,0
p1_01228,1227,counting,simple,MEDIUM_WRONG,SM,False,False,False,0.0,0.5,1.0,1,1
p1_01229,1228,time,simple,BAD_WRONG,ST,False,False,False,0.0,1.0,1.0,4,0
p1_01230,1229,counting,simple,MEDIUM_WRONG,WP,False,False,False,0.6666666666666666,1.0,1.0,1,0
p1_01231,1230,rate,complex,MEDIUM_CORRECT,,True,True,False,1.0,1.0,1.0,0,0
p1_01232,1231,time,simple,MEDIUM_CORRECT,,True,True,False,0.5,1.0,1.0,2,0
p1_01233,1232,rate,simple,MEDIUM_CORRECT,,True,True,False,0.5,1.0,1.0,1,0
p1_01234,1233,counting,medium,GOOD,,True,True,False,1.0,1.0,1.0,0,0
p1_01235,1234,monetary,simple,BAD_WRONG,SM,False,False,False,0.25,1.0,1.0,3,0
p1_01236,1235,counting,medium,BAD_WRONG,CE,False,False,False,0.3333333333333333,0.0,1.0,2,0
p1_01237,1236,time,simple,BAD_WRONG,NR,False,False,False,0.0,0.0,1.0,2,0
p1_01238,1237,monetary,simple,MEDIUM_CORRECT,,True,True,False,1.0,0.0,1.0,0,0
p1_01239,1238,counting,simple,BAD_WRONG,UNCLASSIFIED,False,False,False,0.0,0.0,1.0,1,2
p1_01240,1239,time,complex,MEDIUM_CORRECT,,True,True,False,0.5,1.0,1.0,1,0
p1_01241,1240,counting,simple,BAD_WRONG,WP,False,False,False,0.4,1.0,1.0,3,0
p1_01242,1241,monetary,medium,MEDIUM_CORRECT,,True,True,False,0.6666666666666666,1.0,1.0,1,0
p1_01243,1242,counting,simple,MEDIUM_WRONG,WP,False,False,False,0.75,1.0,1.0,1,0
p1_01244,1243,monetary,simple,BAD_WRONG,ST,False,True,True,0.3333333333333333,1.0,0.5,2,0
p1_01245,1244,counting,medium,BAD_WRONG,SM,False,False,False,0.16666666666666666,1.0,1.0,5,0
p1_01246,1245,time,simple,BAD_WRONG,ST,False,False,False,0.0,0.0,1.0,3,1
p1_01247,1246,time,medium,GOOD,,True,True,False,1.0,1.0,1.0,0,0
p1_01248,1247,monetary,medium,BAD_WRONG,SM,False,False,False,0.16666666666666666,1.0,1.0,5,0
p1_01249,1248,counting,simple,MEDIUM_WRONG,WP,False,False,False,0.75,1.0,1.0,1,0
p1_01250,1249,time,complex,BAD_WRONG,UNCLASSIFIED,False,False,False,0.0,0.25,1.0,4,3
p1_01251,1250,counting,medium,BAD_WRONG,AL,False,False,False,0.0,0.3333333333333333,1.0,5,2
p1_01252,1251,rate,medium,BAD_WRONG,SM,False,True,True,0.0,0.75,1.0,3,1
p1_01253,1252,counting,simple,GOOD,,True,True,False,1.0,1.0,1.0,0,0
p1_01254,1253,counting,complex,MEDIUM_CORRECT,,True,True,False,1.0,1.0,1.0,0,0
p1_01255,1254,counting,medium,BAD_WRONG,SM,False,False,False,0.25,1.0,1.0,3,0
p1_01256,1255,time,simple,BAD_WRONG,SM,False,True,True,0.0,1.0,1.0,2,0
p1_01257,1256,rate,simple,BAD_WRONG,CE,False,False,False,0.3333333333333333,0.6666666666666666,1.0,4,1
p1_01258,1257,counting,simple,GOOD,,True,True,False,1.0,1.0,1.0,0,0
p1_01259,1258,time,medium,BAD_WRONG,CE,False,False,False,0.6,0.3333333333333333,1.0,2,2
p1_01260,1259,rate,medium,GOOD,,True,True,False,1.0,1.0,1.0,0,0
p1_01261,1260,counting,simple,BAD_WRONG,WP,False,False,False,0.3333333333333333,1.0,1.0,2,0
p1_01262,1261,monetary,medium,GOOD,,True,True,False,1.0,1.0,1.0,0,0
p1_01263,1262,monetary,medium,BAD_WRONG,NR,False,False,False,0.0,0.0,1.0,5,0
p1_01264,1263,rate,simple,BAD_WRONG,CE,False,False,False,0.6666666666666666,0.0,1.0,1,0
p1_01265,1264,monetary,simple,GOOD,,True,True,False,1.0,1.0,1.0,0,0
p1_01266,1265,rate,simple,MEDIUM_WRONG,WP,False,False,False,0.5,1.0,0.6666666666666666,1,0
p1_01267,1266,counting,simple,BAD_WRONG,TR,False,False,False,0.0,1.0,1.0,4,0
p1_01268,1267,rate,simple,BAD_WRONG,SM,False,False,False,0.0,0.5,0.5,2,1
p1_01269,1268,counting,medium,GOOD,,True,True,False,1.0,1.0,1.0,0,0
p1_01270,1269,counting,simple,GOOD,,True,True,False,1.0,1.0,1.0,0,0
p1_01271,1270,time,simple,BAD_WRONG,NR,False,False,False,0.0,0.0,1.0,4,0
p1_01272,1271,counting,simple,GOOD,,True,True,False,1.0,1.0,1.0,0,0
p1_01273,1272,time,simple,BAD_WRONG,SM,False,False,False,0.2,0.75,1.0,4,1
p1_01274,1273,counting,complex,BAD_WRONG,NR,False,False,False,0.0,0.0,1.0,1,0
p1_01275,1274,time,simple,BAD_WRONG,NR,False,False,False,0.0,0.0,1.0,4,0
p1_01276,1275,counting,simple,BAD_WRONG,ST,False,False,False,0.3333333333333333,0.0,1.0,2,1
p1_01277,1276,time,simple,GOOD,,True,True,False,1.0,1.0,1.0,0,0
p1_01278,1277,time,medium,BAD_WRONG,SM,False,False,False,0.0,0.5,1.0,5,2
p1_01279,1278,time,medium,BAD_WRONG,SM,False,False,False,0.0,1.0,1.0,5,0
p1_01280,1279,monetary,simple,BAD_WRONG,SM,False,True,True,0.0,1.0,1.0,2,0
p1_01281,1280,counting,simple,MEDIUM_WRONG,WP,False,True,True,1.0,1.0,1.0,0,0
p1_01282,1281,counting,simple,BAD_WRONG,CE,False,False,False,1.0,0.0,1.0,0,0
p1_01283,1282,time,simple,BAD_WRONG,NR,False,False,False,0.25,0.0,1.0,3,0
p1_01284,1283,counting,simple,BAD_WRONG,SM,False,False,False,0.0,0.5,1.0,4,1
p1_01285,1284,monetary,simple,MEDIUM_WRONG,WP,False,False,False,1.0,1.0,1.0,0,0
p1_01286,1285,counting,medium,BAD_WRONG,SM,False,False,False,0.0,0.5,1.0,3,1
p1_01287,1286,counting,simple,GOOD,,True,True,False,1.0,1.0,1.0,0,0
p1_01288,1287,counting,simple,GOOD,,True,True,False,1.0,1.0,1.0,0,0
p1_01289,1288,counting,medium,GOOD,,True,True,False,1.0,1.0,1.0,0,0
p1_01290,1289,time,simple,GOOD,,True,True,False,1.0,1.0,1.0,0,0
p1_01291,1290,counting,simple,MEDIUM_WRONG,WP,False,False,False,0.5,1.0,1.0,1,0
p1_01292,1291,counting,simple,BAD_WRONG,SM,False,False,False,0.0,1.0,1.0,2,0
p1_01293,1292,counting,simple,GOOD,,True,True,False,1.0,1.0,1.0,0,0
p1_01294,1293,monetary,simple,GOOD,,True,True,False,1.0,1.0,1.0,0,0
p1_01295,1294,counting,simple,GOOD,,True,True,False,1.0,1.0,1.0,0,0
p1_01296,1295,counting,simple,BAD_WRONG,SM,False,False,False,0.0,0.6666666666666666,1.0,3,1
p1_01297,1296,monetary,medium,BAD_WRONG,AL,False,False,False,0.0,0.0,0.8,5,1
p1_01298,1297,monetary,simple,BAD_WRONG,SM,False,False,False,0.25,1.0,1.0,3,0
p1_01299,1298,monetary,complex,BAD_WRONG,SM,False,False,False,0.2,0.75,1.0,4,1
p1_01300,1299,time,simple,GOOD,,True,True,False,1.0,1.0,1.0,0,0
p1_01301,1300,counting,medium,BAD_WRONG,SM,False,False,False,0.25,0.5,1.0,3,2
p1_01302,1301,counting,simple,BAD_WRONG,WP,False,False,False,0.3333333333333333,1.0,1.0,2,0
p1_01303,1302,monetary,medium,GOOD,,True,True,False,1.0,1.0,0.75,0,0
p1_01304,1303,time,medium,GOOD,,True,True,False,1.0,1.0,1.0,0,0
p1_01305,1304,monetary,simple,MEDIUM_WRONG,WP,False,False,False,0.6666666666666666,1.0,1.0,1,0
p1_01306,1305,monetary,simple,BAD_WRONG,WP,False,False,False,0.5,1.0,1.0,2,0
p1_01307,1306,time,simple,BAD_WRONG,SM,False,True,True,0.0,0.5,1.0,3,1
p1_01308,1307,counting,simple,MEDIUM_CORRECT,,True,True,False,0.6666666666666666,1.0,1.0,1,0
p1_01309,1308,counting,simple,BAD_WRONG,ST,False,False,False,0.375,0.0,1.0,5,1
p1_01310,1309,counting,simple,GOOD,,True,True,False,1.0,1.0,1.0,0,0
p1_01311,1310,time,simple,GOOD,,True,True,False,1.0,1.0,1.0,0,0
p1_01312,1311,time,simple,GOOD,,True,True,False,1.0,1.0,1.0,0,0
p1_01313,1312,monetary,simple,BAD_WRONG,UNCLASSIFIED,False,False,False,0.0,1.0,1.0,2,0
p1_01314,1313,counting,medium,MEDIUM_CORRECT,,True,True,False,0.5,1.0,1.0,1,0
p1_01315,1314,counting,simple,BAD_WRONG,WP,False,True,True,0.3333333333333333,1.0,1.0,2,0
p1_01316,1315,rate,medium,MEDIUM_CORRECT,,True,True,False,0.5,1.0,1.0,1,0
p1_01317,1316,counting,simple,MEDIUM_CORRECT,,True,True,False,0.3333333333333333,1.0,1.0,2,0
p1_01318,1317,monetary,simple,BAD_WRONG,WP,False,False,False,0.4,1.0,1.0,3,0
p1_01319,1318,monetary,simple,GOOD,,True,True,False,1.0,1.0,1.0,0,0
p1_01320,1319,time,simple,BAD_WRONG,SM,False,False,False,0.0,1.0,1.0,2,0
p1_01321,1320,counting,simple,MEDIUM_WRONG,CE,False,True,True,0.5,0.0,1.0,1,1
p1_01322,1321,counting,simple,MEDIUM_WRONG,CE,False,True,True,0.5,0.5,1.0,1,1
p1_01323,1322,counting,simple,MEDIUM_WRONG,CE,False,True,True,0.6666666666666666,0.6666666666666666,1.0,1,1
p1_01324,1323,monetary,simple,MEDIUM_CORRECT,,True,True,False,0.5,1.0,1.0,1,0
p1_01325,1324,counting,medium,GOOD,,True,True,False,1.0,1.0,1.0,0,0
p1_01326,1325,time,complex,BAD_WRONG,UNCLASSIFIED,False,False,False,0.0,0.25,1.0,2,3
p1_01327,1326,monetary,medium,BAD_WRONG,TR,False,False,False,0.6,0.5,0.6666666666666666,2,1
p1_01328,1327,counting,simple,BAD_WRONG,CE,False,False,False,0.5,0.6666666666666666,1.0,2,1
p1_01329,1328,counting,simple,BAD_WRONG,UNCLASSIFIED,False,False,False,0.0,0.75,1.0,2,1
p1_01330,1329,counting,simple,BAD_WRONG,NR,False,False,False,0.0,0.0,1.0,2,0
p1_01331,1330,counting,simple,MEDIUM_CORRECT,,True,True,False,0.6666666666666666,1.0,1.0,1,0
p1_01332,1331,monetary,complex,MEDIUM_WRONG,WP,False,False,False,0.8333333333333334,1.0,1.0,1,0
p1_01333,1332,counting,simple,MEDIUM_WRONG,WP,False,False,False,0.5,1.0,0.5,1,0
p1_01334,1333,logic,simple,MEDIUM_WRONG,CE,False,True,True,0.8,0.8,1.0,1,1
p1_01335,1334,monetary,simple,GOOD,,True,True,False,1.0,1.0,1.0,0,0
p1_01336,1335,counting,simple,BAD_WRONG,SM,False,True,True,0.0,1.0,1.0,2,0
p1_01337,1336,counting,simple,BAD_WRONG,WP,False,False,False,0.5,1.0,1.0,2,0
p1_01338,1337,monetary,simple,GOOD,,True,True,False,1.0,1.0,1.0,0,0
p1_01339,1338,time,medium,BAD_WRONG,AL,False,False,False,0.0,0.0,1.0,4,1
p1_01340,1339,monetary,simple,BAD_WRONG,AL,False,True,True,0.5,0.0,1.0,1,0
p1_01341,1340,counting,medium,BAD_WRONG,CE,False,True,True,0.3333333333333333,0.5,1.0,2,1
p1_01342,1341,counting,complex,MEDIUM_WRONG,AL,False,False,False,0.6666666666666666,0.0,1.0,1,1
p1_01343,1342,counting,medium,MEDIUM_CORRECT,,True,True,False,0.75,1.0,1.0,1,0
p1_01344,1343,counting,medium,BAD_WRONG,CE,False,False,False,0.4,0.5,1.0,3,2
p1_01345,1344,counting,simple,BAD_WRONG,NR,False,False,False,0.0,0.0,1.0,0,0
p1_01346,1345,time,simple,GOOD,,True,True,False,1.0,1.0,1.0,0,0
p1_01347,1346,logic,simple,BAD_WRONG,TR,False,False,False,0.5,0.5,1.0,2,1
p1_01348,1347,counting,simple,GOOD,,True,True,False,1.0,1.0,1.0,0,0
p1_01349,1348,counting,simple,GOOD,,True,True,False,1.0,1.0,1.0,0,0
p1_01350,1349,time,simple,BAD_WRONG,WP,False,False,False,0.3333333333333333,1.0,1.0,2,0
p1_01351,1350,time,medium,BAD_WRONG,CE,False,False,False,0.6,0.8333333333333334,1.0,2,1
p1_01352,1351,monetary,simple,MEDIUM_CORRECT,,True,True,False,1.0,1.0,1.0,0,0
p1_01353,1352,monetary,medium,BAD_WRONG,SM,False,False,False,0.25,1.0,1.0,3,0
p1_01354,1353,counting,simple,MEDIUM_WRONG,WP,False,False,False,0.6666666666666666,1.0,1.0,1,0
p1_01355,1354,counting,simple,BAD_WRONG,WP,False,False,False,0.3333333333333333,1.0,1.0,2,0
p1_01356,1355,counting,simple,BAD_WRONG,UNCLASSIFIED,False,True,True,0.0,0.0,1.0,2,1
p1_01357,1356,monetary,simple,BAD_WRONG,SM,False,False,False,0.0,1.0,1.0,3,0
p1_01358,1357,time,medium,BAD_WRONG,TR,False,False,False,0.0,0.0,0.75,1,0
p1_01359,1358,counting,simple,BAD_WRONG,SM,False,False,False,0.2,1.0,1.0,4,0
p1_01360,1359,time,simple,BAD_WRONG,WP,False,False,False,0.5,1.0,1.0,2,0
p1_01361,1360,counting,simple,BAD_WRONG,SM,False,False,False,0.0,1.0,1.0,3,0
p1_01362,1361,counting,complex,MEDIUM_CORRECT,,True,True,False,1.0,1.0,1.0,0,0
p1_01363,1362,time,simple,MEDIUM_WRONG,WP,False,False,False,0.75,1.0,1.0,1,0
p1_01364,1363,counting,simple,MEDIUM_WRONG,WP,False,False,False,0.5,1.0,1.0,1,0
p1_01365,1364,rate,medium,BAD_WRONG,WP,False,False,False,1.0,1.0,1.0,0,0
p1_01366,1365,counting,medium,BAD_WRONG,WP,False,False,False,0.3333333333333333,1.0,1.0,2,0
p1_01367,1366,monetary,simple,BAD_WRONG,ST,False,False,False,0.4,0.6666666666666666,1.0,3,1
p1_01368,1367,monetary,medium,MEDIUM_WRONG,CE,False,False,False,0.5,0.0,1.0,1,1
p1_01369,1368,counting,medium,BAD_WRONG,TR,False,False,False,0.0,1.0,1.0,3,0
p1_01370,1369,counting,simple,MEDIUM_WRONG,WP,False,False,False,0.75,1.0,1.0,1,0
p1_01371,1370,counting,simple,GOOD,,True,True,False,1.0,1.0,1.0,0,0
p1_01372,1371,counting,simple,BAD_WRONG,AL,False,False,False,0.3333333333333333,1.0,1.0,2,0
p1_01373,1372,counting,simple,BAD_WRONG,SM,False,False,False,0.25,1.0,1.0,3,0
p1_01374,1373,rate,simple,MEDIUM_CORRECT,,True,True,False,1.0,0.0,1.0,0,0
p1_01375,1374,counting,simple,GOOD,,True,True,False,1.0,1.0,1.0,0,0
p1_01376,1375,counting,complex,BAD_WRONG,AL,False,False,False,0.5,1.0,1.0,3,0
p1_01377,1376,time,complex,GOOD,,True,True,False,1.0,1.0,1.0,0,0
p1_01378,1377,monetary,simple,BAD_WRONG,WP,False,False,False,0.6666666666666666,1.0,0.6666666666666666,2,0
p1_01379,1378,counting,simple,BAD_WRONG,CE,False,False,False,0.3333333333333333,0.5,1.0,2,1
p1_01380,1379,counting,simple,BAD_WRONG,SM,False,False,False,0.0,1.0,1.0,3,0
p1_01381,1380,counting,simple,MEDIUM_CORRECT,,True,True,False,0.6666666666666666,1.0,1.0,1,0
p1_01382,1381,time,medium,BAD_WRONG,SM,False,False,False,0.2,1.0,0.8,4,0
p1_01383,1382,time,simple,BAD_WRONG,NR,False,False,False,0.2,0.0,1.0,4,0
p1_01384,1383,logic,simple,BAD_WRONG,UNCLASSIFIED,False,False,False,0.0,1.0,0.6666666666666666,2,0
p1_01385,1384,time,medium,MEDIUM_WRONG,WP,False,False,False,0.5,1.0,0.75,1,0
p1_01386,1385,monetary,medium,GOOD,,True,True,False,1.0,1.0,1.0,0,0
p1_01387,1386,counting,simple,MEDIUM_WRONG,SM,False,False,False,0.0,1.0,1.0,1,0
p1_01388,1387,counting,medium,BAD_WRONG,CE,False,False,False,0.3333333333333333,0.5,1.0,2,1
p1_01389,1388,counting,simple,GOOD,,True,True,False,1.0,1.0,1.0,0,0
p1_01390,1389,time,medium,MEDIUM_CORRECT,,True,True,False,0.6666666666666666,1.0,1.0,1,0
p1_01391,1390,counting,simple,BAD_WRONG,CE,False,False,False,0.3333333333333333,0.6666666666666666,1.0,2,1
p1_01392,1391,counting,simple,MEDIUM_CORRECT,,True,True,False,0.75,1.0,1.0,1,0
p1_01393,1392,counting,simple,MEDIUM_CORRECT,,True,True,False,1.0,0.0,1.0,0,0
p1_01394,1393,counting,simple,MEDIUM_WRONG,CE,False,False,False,1.0,0.5,1.0,0,1
p1_01395,1394,counting,simple,GOOD,,True,True,False,1.0,1.0,1.0,0,0
p1_01396,1395,counting,complex,BAD_WRONG,SM,False,False,False,0.25,1.0,1.0,3,0
p1_01397,1396,monetary,medium,BAD_WRONG,CE,False,True,True,0.4,0.6666666666666666,1.0,3,1
p1_01398,1397,time,medium,MEDIUM_CORRECT,,True,True,False,0.5,0.5,1.0,3,1
p1_01399,1398,time,simple,BAD_WRONG,ST,False,False,False,0.0,1.0,1.0,3,0
p1_01400,1399,monetary,simple,GOOD,,True,True,False,1.0,1.0,1.0,0,0
p1_01401,1400,time,simple,MEDIUM_CORRECT,,True,True,False,1.0,1.0,1.0,0,0
p1_01402,1401,monetary,medium,BAD_WRONG,AL,False,False,False,0.0,1.0,0.75,2,0
p1_01403,1402,monetary,simple,BAD_WRONG,SM,False,True,True,0.25,1.0,1.0,3,0
p1_01404,1403,logic,simple,BAD_WRONG,SM,False,False,False,0.25,1.0,1.0,3,0
p1_01405,1404,counting,simple,GOOD,,True,True,False,1.0,1.0,1.0,0,0
p1_01406,1405,counting,simple,MEDIUM_CORRECT,,True,True,False,0.5,1.0,1.0,1,0
p1_01407,1406,counting,simple,BAD_WRONG,SM,False,False,False,0.0,0.6666666666666666,1.0,3,1
p1_01408,1407,monetary,simple,GOOD,,True,True,False,1.0,1.0,1.0,0,0
p1_01409,1408,time,simple,GOOD,,True,True,False,1.0,1.0,1.0,0,0
p1_01410,1409,monetary,medium,GOOD,,True,True,False,1.0,1.0,0.75,0,0
p1_01411,1410,time,medium,BAD_WRONG,ST,False,False,False,0.25,1.0,1.0,3,0
p1_01412,1411,counting,complex,BAD_WRONG,UNCLASSIFIED,False,False,False,0.0,0.0,1.0,0,2
p1_01413,1412,time,simple,GOOD,,True,True,False,1.0,1.0,1.0,0,0
p1_01414,1413,time,simple,BAD_WRONG,ST,False,True,True,0.2,1.0,0.6666666666666666,4,0
p1_01415,1414,time,simple,MEDIUM_WRONG,WP,False,False,False,0.6666666666666666,1.0,1.0,1,0
p1_01416,1415,time,simple,MEDIUM_WRONG,CE,False,True,True,0.75,0.75,1.0,1,1
p1_01417,1416,counting,simple,BAD_WRONG,SM,False,False,False,0.0,1.0,1.0,2,0
p1_01418,1417,time,simple,BAD_WRONG,SM,False,False,False,0.25,0.5,1.0,3,1
p1_01419,1418,rate,medium,BAD_WRONG,UNCLASSIFIED,False,False,False,0.0,0.16666666666666666,1.0,2,5
p1_01420,1419,time,simple,BAD_WRONG,SM,False,False,False,0.0,1.0,1.0,3,0
p1_01421,1420,counting,simple,BAD_WRONG,WP,False,False,False,0.3333333333333333,1.0,1.0,2,0
p1_01422,1421,counting,simple,GOOD,,True,True,False,1.0,1.0,1.0,0,0
p1_01423,1422,time,simple,BAD_WRONG,TR,False,True,True,0.0,0.5,1.0,2,1
p1_01424,1423,counting,simple,BAD_WRONG,UNCLASSIFIED,False,False,False,0.0,0.5,1.0,4,2
p1_01425,1424,monetary,medium,GOOD,,True,True,False,1.0,1.0,1.0,0,0
p1_01426,1425,monetary,medium,BAD_WRONG,SM,False,False,False,0.0,0.6666666666666666,1.0,4,1
p1_01427,1426,monetary,simple,GOOD,,True,True,False,1.0,1.0,1.0,0,0
p1_01428,1427,counting,simple,MEDIUM_CORRECT,,True,True,False,1.0,1.0,1.0,0,0
p1_01429,1428,counting,complex,BAD_WRONG,UNCLASSIFIED,False,False,False,0.14285714285714285,1.0,1.0,6,0
p1_01430,1429,time,complex,BAD_WRONG,ST,False,False,False,0.0,0.0,1.0,3,1
p1_01431,1430,counting,medium,BAD_WRONG,UNCLASSIFIED,False,False,False,0.0,0.5,1.0,2,1
p1_01432,1431,rate,medium,BAD_WRONG,CE,False,False,False,0.8333333333333334,0.0,1.0,1,7
p1_01433,1432,counting,simple,GOOD,,True,True,False,1.0,1.0,1.0,0,0
p1_01434,1433,counting,simple,BAD_WRONG,ST,False,True,True,0.0,0.0,1.0,3,1
p1_01435,1434,counting,medium,BAD_WRONG,NR,False,False,False,0.0,0.0,0.75,2,0
p1_01436,1435,monetary,simple,MEDIUM_WRONG,CE,False,False,False,0.6666666666666666,0.6666666666666666,1.0,1,1
p1_01437,1436,monetary,simple,BAD_WRONG,SM,False,False,False,0.0,0.5,1.0,3,1
p1_01438,1437,monetary,simple,BAD_WRONG,AL,False,False,False,0.6666666666666666,0.0,1.0,1,2
p1_01439,1438,counting,simple,MEDIUM_CORRECT,,True,True,False,0.6666666666666666,1.0,1.0,1,0
p1_01440,1439,counting,simple,BAD_WRONG,WP,False,False,False,0.3333333333333333,1.0,1.0,2,0
p1_01441,1440,time,simple,MEDIUM_CORRECT,,True,True,False,1.0,1.0,0.5,0,0
p1_01442,1441,counting,medium,MEDIUM_CORRECT,,True,True,False,0.4,0.75,1.0,3,1
p1_01443,1442,counting,simple,GOOD,,True,True,False,1.0,1.0,1.0,0,0
p1_01444,1443,counting,simple,GOOD,,True,True,False,1.0,1.0,1.0,0,0
p1_01445,1444,counting,simple,BAD_WRONG,AL,False,False,False,0.75,1.0,1.0,1,0
p1_01446,1445,time,simple,MEDIUM_WRONG,WP,False,True,True,1.0,1.0,1.0,0,0
p1_01447,1446,counting,medium,GOOD,,True,True,False,1.0,1.0,1.0,0,0
p1_01448,1447,monetary,simple,BAD_WRONG,SM,False,False,False,0.0,1.0,0.6666666666666666,2,0
p1_01449,1448,counting,simple,MEDIUM_WRONG,WP,False,False,False,0.5,1.0,1.0,1,0
p1_01450,1449,counting,simple,BAD_WRONG,ST,False,True,True,0.0,1.0,1.0,3,0
p1_01451,1450,time,medium,BAD_WRONG,UNCLASSIFIED,False,False,False,0.0,0.3333333333333333,1.0,3,2
p1_01452,1451,time,simple,BAD_WRONG,ST,False,False,False,0.0,1.0,1.0,3,0
p1_01453,1452,monetary,medium,MEDIUM_WRONG,AL,False,False,False,0.0,0.5,1.0,1,1
p1_01454,1453,monetary,simple,BAD_WRONG,ST,False,False,False,0.4,1.0,0.6666666666666666,3,0
p1_01455,1454,rate,simple,MEDIUM_WRONG,WP,False,True,True,0.5,1.0,1.0,1,0
p1_01456,1455,counting,simple,BAD_WRONG,ST,False,False,False,0.0,1.0,1.0,3,0
p1_01457,1456,monetary,medium,BAD_WRONG,AL,False,False,False,0.0,1.0,1.0,4,0
p1_01458,1457,counting,medium,BAD_WRONG,UNCLASSIFIED,False,False,False,0.0,0.6666666666666666,1.0,2,1
p1_01459,1458,counting,simple,MEDIUM_CORRECT,,True,True,False,0.0,1.0,1.0,0,0
p1_01460,1459,monetary,medium,MEDIUM_WRONG,WP,False,False,False,0.5,1.0,1.0,1,0
p1_01461,1460,time,medium,BAD_WRONG,NR,False,False,False,0.0,0.0,1.0,3,0
p1_01462,1461,counting,simple,GOOD,,True,True,False,1.0,1.0,1.0,0,0
p1_01463,1462,time,simple,BAD_WRONG,ST,False,False,False,0.25,1.0,1.0,3,0
p1_01464,1463,monetary,simple,GOOD,,True,True,False,1.0,1.0,1.0,0,0
p1_01465,1464,time,simple,MEDIUM_CORRECT,,True,True,False,1.0,0.0,1.0,0,0
p1_01466,1465,counting,simple,BAD_WRONG,CE,False,True,True,0.5,0.0,1.0,1,2
p1_01467,1466,counting,simple,BAD_WRONG,SM,False,False,False,0.0,1.0,1.0,2,0
p1_01468,1467,time,simple,BAD_WRONG,SM,False,False,False,0.2,0.5,1.0,4,2
p1_01469,1468,counting,medium,MEDIUM_CORRECT,,True,True,False,1.0,1.0,1.0,0,0
p1_01470,1469,counting,simple,GOOD,,True,True,False,1.0,1.0,1.0,0,0
p1_01471,1470,time,medium,BAD_WRONG,SM,False,False,False,0.0,0.6666666666666666,1.0,2,1
p1_01472,1471,time,simple,BAD_WRONG,SM,False,False,False,0.0,0.6666666666666666,1.0,3,1
p1_01473,1472,monetary,medium,BAD_WRONG,ST,False,False,False,0.2,0.25,1.0,4,3
p1_01474,1473,time,simple,MEDIUM_CORRECT,,True,True,False,1.0,0.5,1.0,0,1
p1_01475,1474,monetary,simple,BAD_WRONG,WP,False,False,False,0.3333333333333333,1.0,0.6666666666666666,2,0
p1_01476,1475,monetary,simple,MEDIUM_CORRECT,,True,True,False,0.6666666666666666,1.0,1.0,1,0
p1_01477,1476,counting,complex,BAD_WRONG,ST,False,False,False,0.0,1.0,1.0,5,0
p1_01478,1477,counting,simple,BAD_WRONG,ST,False,False,False,0.6,1.0,1.0,2,0
p1_01479,1478,monetary,simple,GOOD,,True,True,False,1.0,1.0,1.0,0,0
p1_01480,1479,counting,simple,GOOD,,True,True,False,1.0,1.0,1.0,0,0
p1_01481,1480,counting,simple,GOOD,,True,True,False,1.0,1.0,1.0,0,0
p1_01482,1481,monetary,medium,BAD_WRONG,AL,False,True,True,0.5,1.0,1.0,2,0
p1_01483,1482,counting,simple,BAD_WRONG,ST,False,True,True,0.0,1.0,1.0,4,0
p1_01484,1483,counting,simple,BAD_WRONG,WP,False,False,False,0.3333333333333333,1.0,1.0,2,0
p1_01485,1484,counting,simple,GOOD,,True,True,False,1.0,1.0,1.0,0,0
p1_01486,1485,counting,simple,MEDIUM_WRONG,SM,False,False,False,0.0,1.0,1.0,0,0
p1_01487,1486,counting,complex,BAD_WRONG,WP,False,False,False,0.625,1.0,1.0,3,0
p1_01488,1487,time,simple,MEDIUM_WRONG,CE,False,False,False,0.8,0.6666666666666666,1.0,1,1
p1_01489,1488,time,complex,BAD_WRONG,NR,False,False,False,0.0,0.0,1.0,2,0
p1_01490,1489,monetary,medium,BAD_WRONG,WP,False,False,False,0.5,1.0,0.8,4,0
p1_01491,1490,monetary,simple,BAD_WRONG,WP,False,False,False,0.5,1.0,1.0,2,0
p1_01492,1491,counting,medium,MEDIUM_WRONG,WP,False,False,False,0.5,1.0,1.0,1,0
p1_01493,1492,counting,simple,BAD_WRONG,SM,False,True,True,0.0,1.0,1.0,2,0
p1_01494,1493,monetary,simple,BAD_WRONG,SM,False,False,False,0.0,1.0,1.0,4,0
p1_01495,1494,counting,simple,BAD_WRONG,SM,False,False,False,0.25,0.6666666666666666,1.0,3,1
p1_01496,1495,monetary,simple,BAD_WRONG,CE,False,False,False,0.5,0.5,1.0,1,1
p1_01497,1496,monetary,simple,BAD_WRONG,NR,False,True,True,0.0,0.0,1.0,1,0
p1_01498,1497,rate,complex,BAD_WRONG,TR,False,False,False,1.0,1.0,0.8333333333333334,0,0
p1_01499,1498,rate,simple,BAD_WRONG,SM,False,False,False,0.0,1.0,1.0,3,0
p1_01500,1499,counting,simple,GOOD,,True,True,False,1.0,1.0,1.0,0,0
